"address","zipCode","city","state","price","bed","bath","sqft","pricePerSf","lotArea","lotAreaType","zillowUrl","latitude","longitude","homeType","zestimate","rentZestimate","imageUrl"
"18 Abbeywood Cres, Guelph, ON N1K 1T9","N1K1T9","Guelph","ON","899900","4","4","1398","643.71","4650","sqft","https://zillow.com/homedetails/18-Abbeywood-Cres-Guelph-ON-N1K-1T9/449397562_zpid/","43.525806","-80.27824","SINGLE_FAMILY","","","https://photos.zillowstatic.com/fp/d52ecb140d41db1201b280d0033db6fc-p_e.jpg"
"145 Kortright Rd W, Guelph, ON N1G 3N9","N1G3N9","Guelph","ON","899999","5","2","1493","602.81","5151","sqft","https://zillow.com/homedetails/145-Kortright-Rd-W-Guelph-ON-N1G-3N9/2062928517_zpid/","43.51516","-80.21942","SINGLE_FAMILY","","","https://photos.zillowstatic.com/fp/7f12c564d072e5560a63917f2296b9f3-p_e.jpg"
"15 Abbeywood Cres, Guelph, ON N1K 1T9","N1K1T9","Guelph","ON","899900","5","2","1553","579.46","","","https://zillow.com/homedetails/15-Abbeywood-Cres-Guelph-ON-N1K-1T9/449324760_zpid/","43.525528","-80.27865","SINGLE_FAMILY","","","https://photos.zillowstatic.com/fp/6da83c5655e0966a2c51aa11cca2f934-p_e.jpg"
"155 Stephanie Dr, Guelph, ON N1K 1X7","N1K1X7","Guelph","ON","899900","4","3","","","3565.8117","sqft","https://zillow.com/homedetails/155-Stephanie-Dr-Guelph-ON-N1K-1X7/401704918_zpid/","43.528328","-80.27611","SINGLE_FAMILY","","","https://photos.zillowstatic.com/fp/aa1d03278de9154e76c04cac8515a086-p_e.jpg"
"244 Alma St N, Guelph, ON N1H 5Y2","N1H5Y2","Guelph","ON","679900","4","2","979","694.48","5300","sqft","https://zillow.com/homedetails/244-Alma-St-N-Guelph-ON-N1H-5Y2/449844461_zpid/","43.542816","-80.2728","SINGLE_FAMILY","","","https://photos.zillowstatic.com/fp/99f89cbb99300a484ca35c082747d7ac-p_e.jpg"
"1291 Gordon St #218, Guelph, ON N1L 0M5","N1L0M5","Guelph","ON","549900","3","3","","","","","https://zillow.com/homedetails/1291-Gordon-St-218-Guelph-ON-N1L-0M5/2066471311_zpid/","43.513924","-80.200325","APARTMENT","","","https://photos.zillowstatic.com/fp/610d1835ad663221453e75e3484ec823-p_e.jpg"
"29 Golfview Rd, Guelph, ON N1E 1A5","N1E1A5","Guelph","ON","779000","7","2","","","5460","sqft","https://zillow.com/homedetails/29-Golfview-Rd-Guelph-ON-N1E-1A5/2064656765_zpid/","43.574535","-80.26695","SINGLE_FAMILY","","","https://photos.zillowstatic.com/fp/0e1de56443f4084e63fad50ade9ecb93-p_e.jpg"
"144 Country Club Dr, Guelph, ON N1E 3K9","N1E3K9","Guelph","ON","839900","4","2","","","6027.78","sqft","https://zillow.com/homedetails/144-Country-Club-Dr-Guelph-ON-N1E-3K9/449836590_zpid/","43.574154","-80.26983","SINGLE_FAMILY","","","https://photos.zillowstatic.com/fp/8efd5a02d47ef3c95e76e4aab86cfdec-p_e.jpg"
"126 Queen St, Guelph, ON N1E 4S1","N1E4S1","Guelph","ON","849500","5","2","","","2053.5","sqft","https://zillow.com/homedetails/126-Queen-St-Guelph-ON-N1E-4S1/449844831_zpid/","43.553062","-80.25177","SINGLE_FAMILY","","","https://photos.zillowstatic.com/fp/fc69d7219065a1469d51141921d2c2c2-p_e.jpg"
"227 Dimson Ave, Guelph, ON N1G 3C7","N1G3C7","Guelph","ON","1200000","4","3","","","0.179","sqft","https://zillow.com/homedetails/227-Dimson-Ave-Guelph-ON-N1G-3C7/449840036_zpid/","43.52455","-80.21152","SINGLE_FAMILY","","","https://photos.zillowstatic.com/fp/9a33580317e545296501005969afa307-p_e.jpg"
"10 Kearney St, Guelph, ON N1E 7H2","N1E7H2","Guelph","ON","749900","3","2","","","4002.4002","sqft","https://zillow.com/homedetails/10-Kearney-St-Guelph-ON-N1E-7H2/449642288_zpid/","43.564793","-80.22176","SINGLE_FAMILY","","","https://photos.zillowstatic.com/fp/3946e34dc5143efe63568f6b6851ad0f-p_e.jpg"
"62 Kearney St, Guelph, ON N1E 7H4","N1E7H4","Guelph","ON","775000","3","2","","","2831.63","sqft","https://zillow.com/homedetails/62-Kearney-St-Guelph-ON-N1E-7H4/2057933701_zpid/","43.565083","-80.224884","SINGLE_FAMILY","","","https://photos.zillowstatic.com/fp/4a88b88e67961420e41a851c30a1c74e-p_e.jpg"
"46 Caledonia St, Guelph, ON N1G 2C9","N1G2C9","Guelph","ON","1050000","5","2","","","9081.9612","sqft","https://zillow.com/homedetails/46-Caledonia-St-Guelph-ON-N1G-2C9/449628424_zpid/","43.530674","-80.237526","SINGLE_FAMILY","","","https://photos.zillowstatic.com/fp/135f3de709a961b20613e1bc56daac96-p_e.jpg"
"22 Tolton Dr, Guelph, ON N1L 0C5","N1L0C5","Guelph","ON","1149900","4","3","2424","474.38","5097.1661","sqft","https://zillow.com/homedetails/22-Tolton-Dr-Guelph-ON-N1L-0C5/449631844_zpid/","43.509056","-80.17816","SINGLE_FAMILY","","","https://photos.zillowstatic.com/fp/ce4c6153b274d70cc2b1b02b4f02214d-p_e.jpg"
"755 Willow Rd #38, Guelph, ON N1K 2A2","N1K2A2","Guelph","ON","899900","3","3","","","","","https://zillow.com/homedetails/755-Willow-Rd-38-Guelph-ON-N1K-2A2/2060849170_zpid/","43.526165","-80.30161","TOWNHOUSE","","","https://photos.zillowstatic.com/fp/c22ef2cb728b980b5a03f73dba707b3b-p_e.jpg"
"31 Reid Ct, Guelph, ON N0B 2J0","N0B2J0","Guelph","ON","3389000","6","4","","","0.5","acres","https://zillow.com/homedetails/31-Reid-Ct-Guelph-ON-N0B-2J0/401785030_zpid/","43.51382","-80.23145","SINGLE_FAMILY","","","https://photos.zillowstatic.com/fp/cf0809e0c03fc14885c985a470f4a041-p_e.jpg"
"37 Swift Cres, Guelph, ON N1E 7J3","N1E7J3","Guelph","ON","750000","3","3","","","2716.01","sqft","https://zillow.com/homedetails/37-Swift-Cres-Guelph-ON-N1E-7J3/448870826_zpid/","43.5705","-80.21791","SINGLE_FAMILY","","","https://photos.zillowstatic.com/fp/fd8873ee94219b86006e88186139754c-p_e.jpg"
"26 Ontario St #310, Guelph, ON N1E 7K1","N1E7K1","Guelph","ON","599900","2","2","1100","545.36","","","https://zillow.com/homedetails/26-Ontario-St-310-Guelph-ON-N1E-7K1/448840931_zpid/","43.54495","-80.23999","CONDO","","","https://photos.zillowstatic.com/fp/a3602c62f2bc13630eb1e311b3a44a6c-p_e.jpg"
"120 Huron St #421, Guelph, ON N1E 0S7","N1E0S7","Guelph","ON","525000","1","1","627","837.32","","","https://zillow.com/homedetails/120-Huron-St-421-Guelph-ON-N1E-0S7/374898882_zpid/","43.547634","-80.23565","CONDO","","","https://photos.zillowstatic.com/fp/2f3716ec5b2a9a2304618bf98cb2ae41-p_e.jpg"
"18 Valleyview Dr, Guelph, ON N1H 6E3","N1H6E3","Guelph","ON","729900","3","2","","","6060","sqft","https://zillow.com/homedetails/18-Valleyview-Dr-Guelph-ON-N1H-6E3/449326727_zpid/","43.542503","-80.27931","SINGLE_FAMILY","","","https://photos.zillowstatic.com/fp/ac6392613b016557a8252e6094f57706-p_e.jpg"
"23 Fountain St W, Guelph, ON N1H 3P1","N1H3P1","Guelph","ON","534900","2","1","","","4109.62","sqft","https://zillow.com/homedetails/23-Fountain-St-W-Guelph-ON-N1H-3P1/449377658_zpid/","43.540802","-80.24744","SINGLE_FAMILY","","","https://photos.zillowstatic.com/fp/beee8231c5cf65e4ad80421e40428fcf-p_e.jpg"
"16 Fairview Blvd, Guelph, ON N1G 1H4","N1G1H4","Guelph","ON","979900","4","2","","","6989.02","sqft","https://zillow.com/homedetails/16-Fairview-Blvd-Guelph-ON-N1G-1H4/2062741557_zpid/","43.53568","-80.2388","SINGLE_FAMILY","","","https://photos.zillowstatic.com/fp/b96de173b1ddf159aee59326c0f2c6b3-p_e.jpg"
"30 McGarr Ct, Guelph, ON N1L 1N5","N1L1N5","Guelph","ON","1329900","5","4","2813","472.77","","","https://zillow.com/homedetails/30-McGarr-Ct-Guelph-ON-N1L-1N5/449355333_zpid/","43.50895","-80.18564","SINGLE_FAMILY","","","https://photos.zillowstatic.com/fp/b9196e87d8f302878487197c529325f8-p_e.jpg"
"265 London Rd W, Guelph, ON N1H 2C7","N1H2C7","Guelph","ON","749900","3","1","1592","471.04","4536","sqft","https://zillow.com/homedetails/265-London-Rd-W-Guelph-ON-N1H-2C7/449036471_zpid/","43.542652","-80.267075","SINGLE_FAMILY","","","https://photos.zillowstatic.com/fp/dcc57eb9f6e94a8e84c75474ec87ac0c-p_e.jpg"
"36 Rosewood Ave, Guelph, ON N1H 5Z9","N1H5Z9","Guelph","ON","839900","5","2","","","6566","sqft","https://zillow.com/homedetails/36-Rosewood-Ave-Guelph-ON-N1H-5Z9/449397514_zpid/","43.539444","-80.271454","SINGLE_FAMILY","","","https://photos.zillowstatic.com/fp/9b56883ff545dee99c1934e59a6b103a-p_e.jpg"
"114 Lovett Ln, Guelph, ON N1G 0G9","N1G0G9","Guelph","ON","1499999","3","3","2751","545.26","","","https://zillow.com/homedetails/114-Lovett-Ln-Guelph-ON-N1G-0G9/446855955_zpid/","43.514877","-80.212395","SINGLE_FAMILY","","","https://photos.zillowstatic.com/fp/baaa3c5750d2c69437659dd75b2ed574-p_e.jpg"
"66 Grange St, Guelph, ON N1E 2V2","N1E2V2","Guelph","ON","2950000","5","6","","","0.5664600550964187","acres","https://zillow.com/homedetails/66-Grange-St-Guelph-ON-N1E-2V2/353465393_zpid/","43.552395","-80.24162","SINGLE_FAMILY","","","https://photos.zillowstatic.com/fp/9e9ee438f86aa83d89fdc08f6259bb32-p_e.jpg"
"89 Westwood Rd #308, Guelph, ON N1H 7J6","N1H7J6","Guelph","ON","399900","2","2","925","432.32","","","https://zillow.com/homedetails/89-Westwood-Rd-308-Guelph-ON-N1H-7J6/440609460_zpid/","43.53221","-80.279755","CONDO","","","https://photos.zillowstatic.com/fp/9876041cbec952eedfe3904a36ff220a-p_e.jpg"
"341 Cole Rd, Guelph, ON N1G 3G7","N1G3G7","Guelph","ON","675000","3","2","1080","625","","","https://zillow.com/homedetails/341-Cole-Rd-Guelph-ON-N1G-3G7/449583467_zpid/","43.507557","-80.23413","SINGLE_FAMILY","","","https://photos.zillowstatic.com/fp/3cb7073c4e5cc2de1433b3196bd3dc83-p_e.jpg"
"63 Durham St, Guelph, ON N1H 2Y4","N1H2Y4","Guelph","ON","1649000","3","3","2311","713.54","4494","sqft","https://zillow.com/homedetails/63-Durham-St-Guelph-ON-N1H-2Y4/2064696006_zpid/","43.541492","-80.25501","SINGLE_FAMILY","","","https://photos.zillowstatic.com/fp/f708680b5bad034bc2b701b47c8a2261-p_e.jpg"
"163 Marksam Rd, Guelph, ON N1H 7L1","N1H7L1","Guelph","ON","749000","6","2","","","4344.9444","sqft","https://zillow.com/homedetails/163-Marksam-Rd-Guelph-ON-N1H-7L1/449402117_zpid/","43.538868","-80.29002","SINGLE_FAMILY","","","https://photos.zillowstatic.com/fp/a556694961b9a3861a03be82195b91b5-p_e.jpg"
"65 Silvercreek Pkwy N #307, Guelph, ON N1H 7R9","N1H7R9","Guelph","ON","309900","3","3","1075","288.28","","","https://zillow.com/homedetails/65-Silvercreek-Pkwy-N-307-Guelph-ON-N1H-7R9/2064607341_zpid/","43.536263","-80.274124","CONDO","","","https://photos.zillowstatic.com/fp/a078e66a5fd28d9f1ff1be174649c706-p_e.jpg"
"16 McGarr Dr, Guelph, ON N1L 1N4","N1L1N4","Guelph","ON","999900","4","4","","","","","https://zillow.com/homedetails/16-McGarr-Dr-Guelph-ON-N1L-1N4/448640791_zpid/","43.508503","-80.186356","SINGLE_FAMILY","","","https://photos.zillowstatic.com/fp/517230a6081c97ff8f6bfabe1802414c-p_e.jpg"
"45 Regent St, Guelph, ON N1E 4W5","N1E4W5","Guelph","ON","710000","2","2","","","5527.5","sqft","https://zillow.com/homedetails/45-Regent-St-Guelph-ON-N1E-4W5/351547802_zpid/","43.549442","-80.243614","SINGLE_FAMILY","","","https://photos.zillowstatic.com/fp/72da547ae0f1d87242874f268010cda3-p_e.jpg"
"71 Koch Dr, Guelph, ON N1G 4H5","N1G4H5","Guelph","ON","799999","4","3","1300","615.38","3437.8904","sqft","https://zillow.com/homedetails/71-Koch-Dr-Guelph-ON-N1G-4H5/447666519_zpid/","43.51566","-80.22676","SINGLE_FAMILY","","","https://photos.zillowstatic.com/fp/432c2bc6c20e8e3f5ed9ef6bed53a9d4-p_e.jpg"
"15 Clearview St, Guelph, ON N1E 6C4","N1E6C4","Guelph","ON","899900","4","3","","","9797","sqft","https://zillow.com/homedetails/15-Clearview-St-Guelph-ON-N1E-6C4/2064644499_zpid/","43.557796","-80.21871","SINGLE_FAMILY","","","https://photos.zillowstatic.com/fp/5066c232959f2cc5902dfe0639280b3a-p_e.jpg"
"39 Kay Cres #25, Guelph, ON N1L 0N5","N1L0N5","Guelph","ON","650000","3","2","1414","459.69","","","https://zillow.com/homedetails/39-Kay-Cres-25-Guelph-ON-N1L-0N5/379925481_zpid/","43.50389","-80.18171","TOWNHOUSE","","","https://photos.zillowstatic.com/fp/9efdb9675e39af4e8a28b1018d50ce51-p_e.jpg"
"8 Mackay St, Guelph, ON N1E 7H3","N1E7H3","Guelph","ON","849900","4","2","1558","545.51","","","https://zillow.com/homedetails/8-Mackay-St-Guelph-ON-N1E-7H3/448828799_zpid/","43.564354","-80.22464","SINGLE_FAMILY","","","https://photos.zillowstatic.com/fp/17f2cd5f66a60a9d789bbabcc3a2fcc7-p_e.jpg"
"154 Renfield St, Guelph, ON N1E 4B2","N1E4B2","Guelph","ON","599999","3","2","","","6600","sqft","https://zillow.com/homedetails/154-Renfield-St-Guelph-ON-N1E-4B2/449030737_zpid/","43.569992","-80.25634","SINGLE_FAMILY","","","https://photos.zillowstatic.com/fp/a2144b9b12ca0550b55c13f9bc8e012b-p_e.jpg"
"93 Westwood Rd #306, Guelph, ON N1H 7J7","N1H7J7","Guelph","ON","575000","3","2","","","","","https://zillow.com/homedetails/93-Westwood-Rd-306-Guelph-ON-N1H-7J7/447795758_zpid/","43.53229","-80.281006","APARTMENT","","","https://photos.zillowstatic.com/fp/eb70968f972a0e568bcc4fbf342b1c06-p_e.jpg"
"46 Robin Rd, Guelph, ON N1L 1H4","N1L1H4","Guelph","ON","1579000","4","4","2815","560.92","7497","sqft","https://zillow.com/homedetails/46-Robin-Rd-Guelph-ON-N1L-1H4/2064636792_zpid/","43.52348","-80.20316","SINGLE_FAMILY","","","https://photos.zillowstatic.com/fp/d8e3e3ce5840ca5a637388a9ec7dac80-p_e.jpg"
"59 Deerpath Dr, Guelph, ON N1K 1V1","N1K1V1","Guelph","ON","949900","4","4","","","3906.429","sqft","https://zillow.com/homedetails/59-Deerpath-Dr-Guelph-ON-N1K-1V1/2071810137_zpid/","43.526047","-80.27754","SINGLE_FAMILY","","","https://photos.zillowstatic.com/fp/0e2f9e712d9f67f10cc2c7d403614a64-p_e.jpg"
"150 Wellington St E #507, Guelph, ON N1H 0B5","N1H0B5","Guelph","ON","534999","1","1","831","643.8","","","https://zillow.com/homedetails/150-Wellington-St-E-507-Guelph-ON-N1H-0B5/443993310_zpid/","43.546143","-80.24393","CONDO","","","https://photos.zillowstatic.com/fp/19cf9ba9d066101cb197357064549692-p_e.jpg"
"10 Ajax St #203, Guelph, ON N1H 7N6","N1H7N6","Guelph","ON","199000","3","2","","","","","https://zillow.com/homedetails/10-Ajax-St-203-Guelph-ON-N1H-7N6/441804667_zpid/","43.536835","-80.27531","APARTMENT","","","https://photos.zillowstatic.com/fp/e7df3f02c3fdb74ff5cb44f5eba893fc-p_e.jpg"
"129 Victoria Rd N #8, Guelph, ON N1E 6V3","N1E6V3","Guelph","ON","599900","2","2","","","","","https://zillow.com/homedetails/129-Victoria-Rd-N-8-Guelph-ON-N1E-6V3/2055304844_zpid/","43.562305","-80.237946","TOWNHOUSE","","","https://photos.zillowstatic.com/fp/7fdb598a579fab4f01d2c4dad7ea5ed6-p_e.jpg"
"324 Edinburgh Rd S, Guelph, ON N1G 2K5","N1G2K5","Guelph","ON","599900","2","2","","","3887.59","sqft","https://zillow.com/homedetails/324-Edinburgh-Rd-S-Guelph-ON-N1G-2K5/440150573_zpid/","43.52603","-80.24199","SINGLE_FAMILY","","","https://photos.zillowstatic.com/fp/2886a6df3300c8b969288ccfffcffdf3-p_e.jpg"
"103 Surrey St E, Guelph, ON N1H 3P7","N1H3P7","Guelph","ON","599900","3","1","1292","464.32","3656.2071","sqft","https://zillow.com/homedetails/103-Surrey-St-E-Guelph-ON-N1H-3P7/351363142_zpid/","43.54422","-80.24385","SINGLE_FAMILY","","","https://photos.zillowstatic.com/fp/ec7009fab982c2ce17b34c2c6e11cc40-p_e.jpg"
"18 Islington Ave, Guelph, ON N1E 6K7","N1E6K7","Guelph","ON","848000","4","2","","","5498.9","sqft","https://zillow.com/homedetails/18-Islington-Ave-Guelph-ON-N1E-6K7/448458282_zpid/","43.57793","-80.26312","SINGLE_FAMILY","","","https://photos.zillowstatic.com/fp/9770804a5a8eac2d05498ac9f4edcbb8-p_e.jpg"
"76 B Cardigan St, Guelph, ON N1H 0A4","N1H0A4","Guelph","ON","610000","1","1","866","704.39","","","https://zillow.com/homedetails/76-B-Cardigan-St-Guelph-ON-N1H-0A4/2064702845_zpid/","43.550426","-80.25474","CONDO","","","https://photos.zillowstatic.com/fp/6587f65f41eccac6052dbb7aaabffc54-p_e.jpg"
"138 Dublin St N, Guelph, ON N1H 4N7","N1H4N7","Guelph","ON","2099999","4","3","3316","633.29","5101.5","sqft","https://zillow.com/homedetails/138-Dublin-St-N-Guelph-ON-N1H-4N7/2066094153_zpid/","43.54556","-80.25523","SINGLE_FAMILY","","","https://photos.zillowstatic.com/fp/ba8026ecdb8fb335dcb9cb608eca9553-p_e.jpg"
"124 Elizabeth St, Guelph, ON N1E 2X3","N1E2X3","Guelph","ON","615000","2","1","800","768.75","6018","sqft","https://zillow.com/homedetails/124-Elizabeth-St-Guelph-ON-N1E-2X3/448674622_zpid/","43.5505","-80.23871","SINGLE_FAMILY","","","https://photos.zillowstatic.com/fp/71986e73379e65e7dcc50bec1c54fca5-p_e.jpg"
"29 Stanley St, Guelph, ON N1H 1L4","N1H1L4","Guelph","ON","749900","3","2","1240","604.76","4327.25","sqft","https://zillow.com/homedetails/29-Stanley-St-Guelph-ON-N1H-1L4/449319341_zpid/","43.554806","-80.27102","SINGLE_FAMILY","","","https://photos.zillowstatic.com/fp/0550ccf7b48f24cce62bcd223ba7d66e-p_e.jpg"
"82 Lynch Cir, Guelph, ON N1L 1S1","N1L1S1","Guelph","ON","899900","3","3","","","3267.5886","sqft","https://zillow.com/homedetails/82-Lynch-Cir-Guelph-ON-N1L-1S1/449398035_zpid/","43.506706","-80.18438","SINGLE_FAMILY","","","https://photos.zillowstatic.com/fp/ef76b0810800c124d935d1bb1dc54f60-p_e.jpg"
"251 Victoria Rd S, Guelph, ON N1E 5P9","N1E5P9","Guelph","ON","749900","4","3","","","3750","sqft","https://zillow.com/homedetails/251-Victoria-Rd-S-Guelph-ON-N1E-5P9/447566645_zpid/","43.550053","-80.22164","SINGLE_FAMILY","","","https://photos.zillowstatic.com/fp/7979ed4f96ead5e50e48763f2894ba1a-p_e.jpg"
"22 Marilyn Dr #802, Guelph, ON N1H 7T1","N1H7T1","Guelph","ON","424900","2","2","","","","","https://zillow.com/homedetails/22-Marilyn-Dr-802-Guelph-ON-N1H-7T1/448123568_zpid/","43.563625","-80.272705","APARTMENT","","","https://photos.zillowstatic.com/fp/5f8ec42f879d549399a4a8a0da7af825-p_e.jpg"
"24 Lyon Ave, Guelph, ON N1H 5C6","N1H5C6","Guelph","ON","1499900","3","3","","","4725","sqft","https://zillow.com/homedetails/24-Lyon-Ave-Guelph-ON-N1H-5C6/2059036366_zpid/","43.546936","-80.262764","SINGLE_FAMILY","","","https://photos.zillowstatic.com/fp/ebd548deedbf8a2b0826e1704878eb3e-p_e.jpg"
"85 Rodgers Rd, Guelph, ON N1G 4Z5","N1G4Z5","Guelph","ON","690000","4","2","","","1931.2584","sqft","https://zillow.com/homedetails/85-Rodgers-Rd-Guelph-ON-N1G-4Z5/449044212_zpid/","43.511406","-80.218834","TOWNHOUSE","","","https://photos.zillowstatic.com/fp/eabb2967170d67a2cddb26ca44f1fb88-p_e.jpg"
"358 Waterloo Ave #206, Guelph, ON N1H 7Y3","N1H7Y3","Guelph","ON","379900","1","1","903","420.71","","","https://zillow.com/homedetails/358-Waterloo-Ave-206-Guelph-ON-N1H-7Y3/447646891_zpid/","43.53153","-80.259674","CONDO","","","https://photos.zillowstatic.com/fp/238e05be39e91227a85484a580bd4f49-p_e.jpg"
"366 Scottsdale Dr, Guelph, ON N1G 2Z8","N1G2Z8","Guelph","ON","539500","3","3","1219","442.58","","","https://zillow.com/homedetails/366-Scottsdale-Dr-Guelph-ON-N1G-2Z8/2056352878_zpid/","43.520683","-80.23832","TOWNHOUSE","","","https://photos.zillowstatic.com/fp/e89312910b6838bae6521140b81c26a6-p_e.jpg"
"42 Liverpool St, Guelph, ON N1H 2K9","N1H2K9","Guelph","ON","2275000","5","4","4521","503.21","7738","sqft","https://zillow.com/homedetails/42-Liverpool-St-Guelph-ON-N1H-2K9/439190491_zpid/","43.546654","-80.254","SINGLE_FAMILY","","","https://photos.zillowstatic.com/fp/f8de3cd03bfcc14a0db21ccd6f12037b-p_e.jpg"
"158 Ontario St, Guelph, ON N1E 3B4","N1E3B4","Guelph","ON","789500","4","3","","","4412.62","sqft","https://zillow.com/homedetails/158-Ontario-St-Guelph-ON-N1E-3B4/447795859_zpid/","43.545547","-80.23406","SINGLE_FAMILY","","","https://photos.zillowstatic.com/fp/8ce458aa614ee7522ee173a32f928826-p_e.jpg"
"52 Watt St, Guelph, ON N1E 6W6","N1E6W6","Guelph","ON","900000","4","3","","","","","https://zillow.com/homedetails/52-Watt-St-Guelph-ON-N1E-6W6/2068488286_zpid/","43.56657","-80.23435","SINGLE_FAMILY","","","https://photos.zillowstatic.com/fp/05e11e2f19de30440f3d9e6507a2a43f-p_e.jpg"
"73 Arthur St N #512, Guelph, ON N1E 4T9","N1E4T9","Guelph","ON","519000","2","1","","","","","https://zillow.com/homedetails/73-Arthur-St-N-512-Guelph-ON-N1E-4T9/2066612087_zpid/","43.549187","-80.245735","APARTMENT","","","https://photos.zillowstatic.com/fp/ff973ad7193d521e13553b72aada7a55-p_e.jpg"
"9 Knevitt Pl, Guelph, ON N1G 2S7","N1G2S7","Guelph","ON","2199900","4","5","","","","","https://zillow.com/homedetails/9-Knevitt-Pl-Guelph-ON-N1G-2S7/2055554587_zpid/","43.516537","-80.25004","SINGLE_FAMILY","","","https://photos.zillowstatic.com/fp/e370edc01eafdae4356c47b748b6ee1a-p_e.jpg"
"74 Keating St, Guelph, ON N1E 7G1","N1E7G1","Guelph","ON","895888","4","4","","","3147.6624","sqft","https://zillow.com/homedetails/74-Keating-St-Guelph-ON-N1E-7G1/449408556_zpid/","43.564304","-80.217834","SINGLE_FAMILY","","","https://photos.zillowstatic.com/fp/74a47c5dfb32112bfb8b6d91e0004b81-p_e.jpg"
"17 Applewood Cres, Guelph, ON N1H 6B1","N1H6B1","Guelph","ON","779999","4","3","","","8100","sqft","https://zillow.com/homedetails/17-Applewood-Cres-Guelph-ON-N1H-6B1/448324412_zpid/","43.54302","-80.27739","SINGLE_FAMILY","","","https://photos.zillowstatic.com/fp/30ca87b729b4c14732c2e6f3df499c0c-p_e.jpg"
"15 Liverpool St, Guelph, ON N1H 2K8","N1H2K8","Guelph","ON","1949900","5","3","3226","604.43","7850.8325","sqft","https://zillow.com/homedetails/15-Liverpool-St-Guelph-ON-N1H-2K8/448714166_zpid/","43.546833","-80.25452","SINGLE_FAMILY","","","https://photos.zillowstatic.com/fp/b65412e3375a04a30978b78df9088e6d-p_e.jpg"
"35 Mountford Dr UNIT 27, Guelph, ON N1E 0G6","N1E0G6","Guelph","ON","579000","3","2","1208","479.3","","","https://zillow.com/homedetails/35-Mountford-Dr-UNIT-27-Guelph-ON-N1E-0G6/446663193_zpid/","43.56527","-80.23304","TOWNHOUSE","","","https://photos.zillowstatic.com/fp/52ff959a68d039a13725aefa7736e76b-p_e.jpg"
"39 Kay Cres #29, Guelph, ON N1L 0N5","N1L0N5","Guelph","ON","594900","2","2","","","","","https://zillow.com/homedetails/39-Kay-Cres-29-Guelph-ON-N1L-0N5/2075581790_zpid/","43.503597","-80.18145","TOWNHOUSE","","","https://photos.zillowstatic.com/fp/579896df5f85b43a0aa27a9da375211e-p_e.jpg"
"17 Jell St, Guelph, ON N1L 0R4","N1L0R4","Guelph","ON","799000","3","3","1482","539.14","1936.157","sqft","https://zillow.com/homedetails/17-Jell-St-Guelph-ON-N1L-0R4/447562242_zpid/","43.52274","-80.19512","TOWNHOUSE","","","https://photos.zillowstatic.com/fp/fcf26dfbbd083806a9e3018d7dd33fc2-p_e.jpg"
"39 Kay Cres #28, Guelph, ON N1L 0N5","N1L0N5","Guelph","ON","579900","2","2","1323","438.32","","","https://zillow.com/homedetails/39-Kay-Cres-28-Guelph-ON-N1L-0N5/447319565_zpid/","43.5033","-80.18187","CONDO","","","https://photos.zillowstatic.com/fp/73d3bff3650655b537f6698b8e2b3bd9-p_e.jpg"
"60 Ptarmigan Dr #30, Guelph, ON N1C 1E5","N1C1E5","Guelph","ON","799900","3","3","","","","","https://zillow.com/homedetails/60-Ptarmigan-Dr-30-Guelph-ON-N1C-1E5/2064552246_zpid/","43.498978","-80.244545","TOWNHOUSE","","","https://photos.zillowstatic.com/fp/7e2ec147360d6cd3a91ae72221178ec5-p_e.jpg"
"9 Cambridge St, Guelph, ON N1H 2T8","N1H2T8","Guelph","ON","999900","10","6","","","3186.11","sqft","https://zillow.com/homedetails/9-Cambridge-St-Guelph-ON-N1H-2T8/447911378_zpid/","43.543896","-80.254486","MULTI_FAMILY","","","https://photos.zillowstatic.com/fp/ac5d420874a0c494a2490b89652db56b-p_e.jpg"
"71 King St, Guelph, ON N1E 4P5","N1E4P5","Guelph","ON","1399900","6","4","","","7986","sqft","https://zillow.com/homedetails/71-King-St-Guelph-ON-N1E-4P5/2055682494_zpid/","43.55102","-80.2496","SINGLE_FAMILY","","","https://photos.zillowstatic.com/fp/67a1b51079223bcf0badf4c5107e664c-p_e.jpg"
"128 Dufferin St, Guelph, ON N1H 4A8","N1H4A8","Guelph","ON","924900","4","3","","","0.2547348484848485","acres","https://zillow.com/homedetails/128-Dufferin-St-Guelph-ON-N1H-4A8/443557841_zpid/","43.553955","-80.26057","SINGLE_FAMILY","","","https://photos.zillowstatic.com/fp/13a4ff21b83a681d90e2c0b5a63d1307-p_e.jpg"
"302 College Ave W #4, Guelph, ON N1G 4T6","N1G4T6","Guelph","ON","689900","3","3","1350","511.04","","","https://zillow.com/homedetails/302-College-Ave-W-4-Guelph-ON-N1G-4T6/449347747_zpid/","43.520348","-80.24653","TOWNHOUSE","","","https://photos.zillowstatic.com/fp/2de5fc6747aff9c2154bf955510a1ece-p_e.jpg"
"22 Simcoe St, Guelph, ON N1E 3B8","N1E3B8","Guelph","ON","583900","3","2","","","3200","sqft","https://zillow.com/homedetails/22-Simcoe-St-Guelph-ON-N1E-3B8/2070500331_zpid/","43.553318","-80.227295","SINGLE_FAMILY","","","https://photos.zillowstatic.com/fp/1bd1fce77049d7a8a3b08efc69d5450d-p_e.jpg"
"40 Imperial Rd N #8, Guelph, ON N1H 8B4","N1H8B4","Guelph","ON","469900","3","1","","","","","https://zillow.com/homedetails/40-Imperial-Rd-N-8-Guelph-ON-N1H-8B4/446113656_zpid/","43.52813","-80.29195","TOWNHOUSE","","","https://photos.zillowstatic.com/fp/ceb5cc9d384e9dff161553192a2c161f-p_e.jpg"
"89 Westwood Rd #402, Guelph, ON N1H 7J6","N1H7J6","Guelph","ON","499900","2","2","972","514.3","","","https://zillow.com/homedetails/89-Westwood-Rd-402-Guelph-ON-N1H-7J6/2064689256_zpid/","43.532288","-80.28069","CONDO","","","https://photos.zillowstatic.com/fp/715b1003afc762d92f0793e4fda2207c-p_e.jpg"
"156 Watson Pkwy N, Guelph, ON N1E 0P6","N1E0P6","Guelph","ON","649900","2","3","","","","","https://zillow.com/homedetails/156-Watson-Pkwy-N-Guelph-ON-N1E-0P6/2064632576_zpid/","43.56894","-80.21217","TOWNHOUSE","","","https://photos.zillowstatic.com/fp/f340c71e6c369c0864fb20971e6ec39e-p_e.jpg"
"10 Mussen St, Guelph, ON N1E 0K3","N1E0K3","Guelph","ON","1150000","4","3","2269","506.83","","","https://zillow.com/homedetails/10-Mussen-St-Guelph-ON-N1E-0K3/2064613023_zpid/","43.583553","-80.267494","TOWNHOUSE","","","https://photos.zillowstatic.com/fp/c4672ee5a8ecdfd604dfc505fdd2fa7f-p_e.jpg"
"120 Country Club Dr #23, Guelph, ON N1E 3K7","N1E3K7","Guelph","ON","499000","3","1","","","","","https://zillow.com/homedetails/120-Country-Club-Dr-23-Guelph-ON-N1E-3K7/2067445795_zpid/","43.572376","-80.26914","TOWNHOUSE","","","https://photos.zillowstatic.com/fp/6b527abff85a3a18bc5548d8280510bf-p_e.jpg"
"41 Goodwin Dr #403, Guelph, ON N1L 0E7","N1L0E7","Guelph","ON","539900","2","1","737","732.56","","","https://zillow.com/homedetails/41-Goodwin-Dr-403-Guelph-ON-N1L-0E7/2064589262_zpid/","43.503864","-80.185455","CONDO","","","https://photos.zillowstatic.com/fp/8647c637ca28f1b84c5fc59a4277a253-p_e.jpg"
"141 Ironwood Rd, Guelph, ON N1G 3P5","N1G3P5","Guelph","ON","799000","3","2","","","3254.1","sqft","https://zillow.com/homedetails/141-Ironwood-Rd-Guelph-ON-N1G-3P5/2066751089_zpid/","43.514797","-80.23294","SINGLE_FAMILY","","","https://photos.zillowstatic.com/fp/81fbeabcc26a1089f3ba4d0ab433b7ae-p_e.jpg"
"23 Pondview Cres, Guelph, ON N1E 3K2","N1E3K2","Guelph","ON","999000","5","4","","","5830","sqft","https://zillow.com/homedetails/23-Pondview-Cres-Guelph-ON-N1E-3K2/2064667470_zpid/","43.57415","-80.27039","SINGLE_FAMILY","","","https://photos.zillowstatic.com/fp/907fd6ad847d97bef8a7deb2ef25fdf5-p_e.jpg"
"108 Harris St, Guelph, ON N1E 5T1","N1E5T1","Guelph","ON","699900","2","1","1233","567.64","1857.9","sqft","https://zillow.com/homedetails/108-Harris-St-Guelph-ON-N1E-5T1/2070493084_zpid/","43.547855","-80.23073","SINGLE_FAMILY","","","https://photos.zillowstatic.com/fp/244ec76f56be299352717bdabb21032f-p_e.jpg"
"113 Elizabeth St, Guelph, ON N1E 2X4","N1E2X4","Guelph","ON","624900","6","2","993","629.31","3200","sqft","https://zillow.com/homedetails/113-Elizabeth-St-Guelph-ON-N1E-2X4/443219603_zpid/","43.550125","-80.23863","SINGLE_FAMILY","","","https://photos.zillowstatic.com/fp/359f58688f8cee5325aaaa7f7020ec59-p_e.jpg"
"9 Sunnylea Cres, Guelph, ON N1E 1W3","N1E1W3","Guelph","ON","799000","3","2","","","","","https://zillow.com/homedetails/9-Sunnylea-Cres-Guelph-ON-N1E-1W3/449345914_zpid/","43.560616","-80.25754","SINGLE_FAMILY","","","https://photos.zillowstatic.com/fp/2d1f32a78f48f1c37e53bca727ec059e-p_e.jpg"
"66 Rosewood Ave, Guelph, ON N1H 6A1","N1H6A1","Guelph","ON","745000","4","2","","","8067.2546","sqft","https://zillow.com/homedetails/66-Rosewood-Ave-Guelph-ON-N1H-6A1/446996454_zpid/","43.54144","-80.27381","SINGLE_FAMILY","","","https://photos.zillowstatic.com/fp/4d106c1bd062c06295c5cd6fa9f095b6-p_e.jpg"
"941 Gordon St #59, Guelph, ON N1G 4R9","N1G4R9","Guelph","ON","699000","3","4","1284","544.39","","","https://zillow.com/homedetails/941-Gordon-St-59-Guelph-ON-N1G-4R9/448737501_zpid/","43.52169","-80.2143","TOWNHOUSE","","","https://photos.zillowstatic.com/fp/31910fa1412cb265776d0b9fd6b69650-p_e.jpg"
"16 Hall Ave, Guelph, ON N1L 0B3","N1L0B3","Guelph","ON","1599900","4","4","2823","566.74","6104.9272","sqft","https://zillow.com/homedetails/16-Hall-Ave-Guelph-ON-N1L-0B3/449404827_zpid/","43.511627","-80.18249","SINGLE_FAMILY","","","https://photos.zillowstatic.com/fp/cf6598c07cc8e6cdd6b8a9b83bc7633a-p_e.jpg"
"303 Gosling Gdns, Guelph, ON N1L 0M1","N1L0M1","Guelph","ON","2499900","4","4","","","723.38","sqft","https://zillow.com/homedetails/303-Gosling-Gdns-Guelph-ON-N1L-0M1/448351372_zpid/","43.496307","-80.1875","SINGLE_FAMILY","","","https://photos.zillowstatic.com/fp/36b480328f55d92db3907f8ae3d85f42-p_e.jpg"
"25 Kay Cres #406, Guelph, ON N1L 0P2","N1L0P2","Guelph","ON","549900","2","2","","","","","https://zillow.com/homedetails/25-Kay-Cres-406-Guelph-ON-N1L-0P2/448967252_zpid/","43.504044","-80.18175","APARTMENT","","","https://photos.zillowstatic.com/fp/c38f3917979feda6209a4b42f7985bf8-p_e.jpg"
"88 Balmoral Dr, Guelph, ON N1E 3N6","N1E3N6","Guelph","ON","829900","3","2","","","6548.2","sqft","https://zillow.com/homedetails/88-Balmoral-Dr-Guelph-ON-N1E-3N6/448484468_zpid/","43.574043","-80.26075","SINGLE_FAMILY","","","https://photos.zillowstatic.com/fp/907abf74b44f8266202bcd172761e663-p_e.jpg"
"133 Kemp Cres, Guelph, ON N1E 0K1","N1E0K1","Guelph","ON","949900","4","4","","","4083.72","sqft","https://zillow.com/homedetails/133-Kemp-Cres-Guelph-ON-N1E-0K1/449015281_zpid/","43.56298","-80.22587","SINGLE_FAMILY","","","https://photos.zillowstatic.com/fp/01f7dbc79946f1e04a79790206dfc634-p_e.jpg"
"91 Poppy Dr E #13, Guelph, ON N1L 0M6","N1L0M6","Guelph","ON","785888","3","3","1473","533.53","","","https://zillow.com/homedetails/91-Poppy-Dr-E-13-Guelph-ON-N1L-0M6/2063728760_zpid/","43.501263","-80.183174","TOWNHOUSE","","","https://photos.zillowstatic.com/fp/2f2215509f072a81e2b8c1549ce9517b-p_e.jpg"
"5 Bright Ln, Guelph, ON N1L 1S6","N1L1S6","Guelph","ON","1599000","5","4","","","5993.87","sqft","https://zillow.com/homedetails/5-Bright-Ln-Guelph-ON-N1L-1S6/2062323900_zpid/","43.515717","-80.18471","SINGLE_FAMILY","","","https://photos.zillowstatic.com/fp/4ba81bb7ebb50d55c126eaafb866b990-p_e.jpg"
"19 Woodlawn Rd E #605, Guelph, ON N1H 7B1","N1H7B1","Guelph","ON","529999","3","2","1396","379.66","","","https://zillow.com/homedetails/19-Woodlawn-Rd-E-605-Guelph-ON-N1H-7B1/2067697003_zpid/","43.564674","-80.27454","CONDO","","","https://photos.zillowstatic.com/fp/b5ee6f69e69470926bbb25ab80c67fcd-p_e.jpg"
"69 Curzon Cres, Guelph, ON N1K 0B2","N1K0B2","Guelph","ON","829900","3","4","1581","524.92","2760","sqft","https://zillow.com/homedetails/69-Curzon-Cres-Guelph-ON-N1K-0B2/449589259_zpid/","43.522392","-80.30285","SINGLE_FAMILY","","","https://photos.zillowstatic.com/fp/d5027492bcfab7a675a596cbe2f28df2-p_e.jpg"
"236 Ironwood Rd, Guelph, ON N1G 3G1","N1G3G1","Guelph","ON","999000","4","4","1766","565.69","6042","sqft","https://zillow.com/homedetails/236-Ironwood-Rd-Guelph-ON-N1G-3G1/2055331594_zpid/","43.509777","-80.233986","SINGLE_FAMILY","","","https://photos.zillowstatic.com/fp/10688777293fe1d269e64346a3483d4f-p_e.jpg"
"34 Arlington Cres, Guelph, ON N1L 0L1","N1L0L1","Guelph","ON","699000","3","3","","","","","https://zillow.com/homedetails/34-Arlington-Cres-Guelph-ON-N1L-0L1/2071896436_zpid/","43.511917","-80.174065","TOWNHOUSE","","","https://photos.zillowstatic.com/fp/4a715d0bec5d4c0b2a05059b724b1385-p_e.jpg"
"241 Elmira Rd S, Guelph, ON N1K 1R1","N1K1R1","Guelph","ON","974900","6","4","","","5481.21","sqft","https://zillow.com/homedetails/241-Elmira-Rd-S-Guelph-ON-N1K-1R1/449402352_zpid/","43.519127","-80.28353","SINGLE_FAMILY","","","https://photos.zillowstatic.com/fp/15dc09c75a06a914a323362650c04097-p_e.jpg"
"49 Ryder Ave, Guelph, ON N1G 0H1","N1G0H1","Guelph","ON","1450000","4","4","2379","609.5","3853.5","sqft","https://zillow.com/homedetails/49-Ryder-Ave-Guelph-ON-N1G-0H1/449348470_zpid/","43.51604","-80.21282","SINGLE_FAMILY","","","https://photos.zillowstatic.com/fp/aa117788f09b8d6b5d1ef2c7524b10de-p_e.jpg"
"90 Yorkshire St N, Guelph, ON N1H 5B2","N1H5B2","Guelph","ON","1328000","5","4","2056","645.91","2622","sqft","https://zillow.com/homedetails/90-Yorkshire-St-N-Guelph-ON-N1H-5B2/401792844_zpid/","43.542427","-80.25835","SINGLE_FAMILY","","","https://photos.zillowstatic.com/fp/d7361c21f4f17ee17aff1618f4226e2c-p_e.jpg"
"83 Neeve St #7, Guelph, ON N1E 5R9","N1E5R9","Guelph","ON","699900","2","1","","","","","https://zillow.com/homedetails/83-Neeve-St-7-Guelph-ON-N1E-5R9/448958883_zpid/","43.54425","-80.24166","APARTMENT","","","https://photos.zillowstatic.com/fp/378ae7f709230d51c2cd06746c8c2d69-p_e.jpg"
"80 London Rd W, Guelph, ON N1H 2B7","N1H2B7","Guelph","ON","2639000","7","7","","","9240","sqft","https://zillow.com/homedetails/80-London-Rd-W-Guelph-ON-N1H-2B7/2072994141_zpid/","43.548103","-80.259125","SINGLE_FAMILY","","","https://photos.zillowstatic.com/fp/489807845a003a6c41777c753bc99560-p_e.jpg"
"513 Speedvale Ave E, Guelph, ON N1E 1P5","N1E1P5","Guelph","ON","739000","3","1","1028","718.87","6894.153","sqft","https://zillow.com/homedetails/513-Speedvale-Ave-E-Guelph-ON-N1E-1P5/449351825_zpid/","43.572056","-80.249954","SINGLE_FAMILY","","","https://photos.zillowstatic.com/fp/e99374178b5be937e831bc19cb9646b7-p_e.jpg"
"96 Pheasant Run Dr, Guelph, ON N1C 1E3","N1C1E3","Guelph","ON","1099900","5","4","","","5585.44","sqft","https://zillow.com/homedetails/96-Pheasant-Run-Dr-Guelph-ON-N1C-1E3/2061657441_zpid/","43.495834","-80.24256","SINGLE_FAMILY","","","https://photos.zillowstatic.com/fp/3a952f7eed808b5581a9391d16df6d2d-p_e.jpg"
"91 Conroy Cres #304, Guelph, ON N1G 2V5","N1G2V5","Guelph","ON","349900","2","1","","","","","https://zillow.com/homedetails/91-Conroy-Cres-304-Guelph-ON-N1G-2V5/440867731_zpid/","43.509052","-80.25144","APARTMENT","","","https://photos.zillowstatic.com/fp/56d1c4492f698da152764a605b449bb0-p_e.jpg"
"90 Cardigan St, Guelph, ON N1H 0A4","N1H0A4","Guelph","ON","1150000","3","4","","","","","https://zillow.com/homedetails/90-Cardigan-St-Guelph-ON-N1H-0A4/2056265093_zpid/","43.55039","-80.254684","TOWNHOUSE","","","https://photos.zillowstatic.com/fp/152b50d48424e15f80517b786f4bf257-p_e.jpg"
"71 Watt St, Guelph, ON N1E 6W6","N1E6W6","Guelph","ON","749900","3","2","","","3513.48","sqft","https://zillow.com/homedetails/71-Watt-St-Guelph-ON-N1E-6W6/2063408900_zpid/","43.566517","-80.23331","SINGLE_FAMILY","","","https://photos.zillowstatic.com/fp/9f91d5016682b5f6e1145fc6dd3de180-p_e.jpg"
"240 London Rd W #79, Guelph, ON N1H 8N8","N1H8N8","Guelph","ON","595000","2","2","","","","","https://zillow.com/homedetails/240-London-Rd-W-79-Guelph-ON-N1H-8N8/449401642_zpid/","43.54375","-80.26418","TOWNHOUSE","","","https://photos.zillowstatic.com/fp/6b5250335a74c020a53487c9555c0f5f-p_e.jpg"
"7 Brown St, Guelph, ON N1L 1P3","N1L1P3","Guelph","ON","1175000","4","4","","","4854","sqft","https://zillow.com/homedetails/7-Brown-St-Guelph-ON-N1L-1P3/448712040_zpid/","43.51778","-80.1852","SINGLE_FAMILY","","","https://photos.zillowstatic.com/fp/827a5fb8f43e813d3f9791edb67cc817-p_e.jpg"
"37 Grey Oak Dr, Guelph, ON N1L 1P3","N1L1P3","Guelph","ON","1250000","4","4","2316","539.72","4748.04","sqft","https://zillow.com/homedetails/37-Grey-Oak-Dr-Guelph-ON-N1L-1P3/423457032_zpid/","43.517048","-80.18538","SINGLE_FAMILY","","","https://photos.zillowstatic.com/fp/5f5fcd6d31359a8be92c7b31a97534bb-p_e.jpg"
"152 Goodwin Dr, Guelph, ON N1L 0B2","N1L0B2","Guelph","ON","1224888","5","4","","","4526.78","sqft","https://zillow.com/homedetails/152-Goodwin-Dr-Guelph-ON-N1L-0B2/449488067_zpid/","43.51042","-80.17908","SINGLE_FAMILY","","","https://photos.zillowstatic.com/fp/31d749fc49152c59126bdba1fe38a44e-p_e.jpg"
"111 Ambrous Cres, Guelph, ON N1G 0E4","N1G0E4","Guelph","ON","1385000","4","4","2117","654.23","3746.16","sqft","https://zillow.com/homedetails/111-Ambrous-Cres-Guelph-ON-N1G-0E4/448302199_zpid/","43.527054","-80.20217","SINGLE_FAMILY","","","https://photos.zillowstatic.com/fp/970119a7ef2b4cc9e19cd9c00faf1e5f-p_e.jpg"
"81 Yorkshire St N, Guelph, ON N1H 5B3","N1H5B3","Guelph","ON","714900","3","2","","","2500","sqft","https://zillow.com/homedetails/81-Yorkshire-St-N-Guelph-ON-N1H-5B3/447566699_zpid/","43.541695","-80.25702","SINGLE_FAMILY","","","https://photos.zillowstatic.com/fp/0c578ce5d7315c8ea7df6368a8ebbf5b-p_e.jpg"
"42 Hutchison Rd, Guelph, ON N1L 0R5","N1L0R5","Guelph","ON","1429900","4","5","2455","582.44","4214","sqft","https://zillow.com/homedetails/42-Hutchison-Rd-Guelph-ON-N1L-0R5/448038298_zpid/","43.52265","-80.19567","SINGLE_FAMILY","","","https://photos.zillowstatic.com/fp/a1ced519a91389b313b1bfd18402c882-p_e.jpg"
"24 Popham Dr, Guelph, ON N1E 0B8","N1E0B8","Guelph","ON","1289000","3","4","2246","573.91","5139.728","sqft","https://zillow.com/homedetails/24-Popham-Dr-Guelph-ON-N1E-0B8/448840727_zpid/","43.571712","-80.22995","SINGLE_FAMILY","","","https://photos.zillowstatic.com/fp/8922e589f89463d4c8a5e718f55e8ae4-p_e.jpg"
"92 Goodwin Dr, Guelph, ON N1L 1T8","N1L1T8","Guelph","ON","1250000","5","4","2871","435.39","4779.582","sqft","https://zillow.com/homedetails/92-Goodwin-Dr-Guelph-ON-N1L-1T8/447745475_zpid/","43.507652","-80.18293","SINGLE_FAMILY","","","https://photos.zillowstatic.com/fp/83966206e700a2f451346bca290bacb3-p_e.jpg"
"7 Kay Cres #412, Guelph, ON N1L 0P9","N1L0P9","Guelph","ON","499900","2","2","","","","","https://zillow.com/homedetails/7-Kay-Cres-412-Guelph-ON-N1L-0P9/2064553058_zpid/","43.504593","-80.181465","APARTMENT","","","https://photos.zillowstatic.com/fp/5bd42ab4df4e5d5654a19eedb918136b-p_e.jpg"
"24 Marilyn Dr #204, Guelph, ON N1H 8E9","N1H8E9","Guelph","ON","549000","2","2","1420","386.62","","","https://zillow.com/homedetails/24-Marilyn-Dr-204-Guelph-ON-N1H-8E9/2058036640_zpid/","43.56396","-80.27209","CONDO","","","https://photos.zillowstatic.com/fp/e17fdff01f53f94f7bf574297c8dbc67-p_e.jpg"
"48 Macalister Blvd, Guelph, ON N1G 0G6","N1G0G6","Guelph","ON","1695000","4","2","","","5450","sqft","https://zillow.com/homedetails/48-Macalister-Blvd-Guelph-ON-N1G-0G6/351890363_zpid/","43.525337","-80.19906","SINGLE_FAMILY","","","https://photos.zillowstatic.com/fp/861f308eb6e5ac92978f570fe64df059-p_e.jpg"
"160 Macdonell St #1109, Guelph, ON N1H 0A9","N1H0A9","Guelph","ON","989000","2","2","1565","631.95","","","https://zillow.com/homedetails/160-Macdonell-St-1109-Guelph-ON-N1H-0A9/447645429_zpid/","43.54677","-80.244705","CONDO","","","https://photos.zillowstatic.com/fp/aa6f236b1224c3f2c82ad380d47cc7e7-p_e.jpg"
"55 Ralston Dr, Guelph, ON N1E 0C3","N1E0C3","Guelph","ON","725000","3","3","","","3621.1","sqft","https://zillow.com/homedetails/55-Ralston-Dr-Guelph-ON-N1E-0C3/448334861_zpid/","43.56779","-80.22233","TOWNHOUSE","","","https://photos.zillowstatic.com/fp/bf9ba165168ea1f178ffa2497b5b1107-p_e.jpg"
"27 Wilsonview Ave #4, Guelph, ON N1G 2W5","N1G2W5","Guelph","ON","769000","4","4","1950","394.36","","","https://zillow.com/homedetails/27-Wilsonview-Ave-4-Guelph-ON-N1G-2W5/448896897_zpid/","43.522045","-80.23967","TOWNHOUSE","","","https://photos.zillowstatic.com/fp/c4ab4a51c38222997d78e3cb5aa464cc-p_e.jpg"
"25 Nicklin Cres, Guelph, ON N1H 5E8","N1H5E8","Guelph","ON","849900","4","2","1155","735.84","5570","sqft","https://zillow.com/homedetails/25-Nicklin-Cres-Guelph-ON-N1H-5E8/402446968_zpid/","43.555504","-80.277504","SINGLE_FAMILY","","","https://photos.zillowstatic.com/fp/281af94f1fd65afdc1361dd5f6f48198-p_e.jpg"
"45 Toronto St, Guelph, ON N1E 3E3","N1E3E3","Guelph","ON","825000","4","2","","","5967","sqft","https://zillow.com/homedetails/45-Toronto-St-Guelph-ON-N1E-3E3/449346502_zpid/","43.543793","-80.23648","SINGLE_FAMILY","","","https://photos.zillowstatic.com/fp/60b38cd1f11302f3a607e86ab4e50918-p_e.jpg"
"25 Manor Park Cres #11, Guelph, ON N1G 1A2","N1G1A2","Guelph","ON","1299900","3","4","","","","","https://zillow.com/homedetails/25-Manor-Park-Cres-11-Guelph-ON-N1G-1A2/2064645559_zpid/","43.531433","-80.25369","CONDO","","","https://photos.zillowstatic.com/fp/8817c425cf8a7b7ce87b4a5ad42182eb-p_e.jpg"
"85 Ontario St, Guelph, ON N1E 3A9","N1E3A9","Guelph","ON","1199000","4","3","3122","384.05","8712","sqft","https://zillow.com/homedetails/85-Ontario-St-Guelph-ON-N1E-3A9/448960462_zpid/","43.544697","-80.23679","SINGLE_FAMILY","","","https://photos.zillowstatic.com/fp/b5b6bad2fbb42548a652abeeb23062fc-p_e.jpg"
"14 Upton Cres, Guelph, ON N1E 6P2","N1E6P2","Guelph","ON","664900","3","2","","","3150","sqft","https://zillow.com/homedetails/14-Upton-Cres-Guelph-ON-N1E-6P2/448365295_zpid/","43.561657","-80.23047","SINGLE_FAMILY","","","https://photos.zillowstatic.com/fp/18d9f9c152069e67b2b7884fdbb341a3-p_e.jpg"
"35 Queen St, Guelph, ON N1E 4R5","N1E4R5","Guelph","ON","1799000","7","4","","","0.45583837924701565","acres","https://zillow.com/homedetails/35-Queen-St-Guelph-ON-N1E-4R5/351054586_zpid/","43.550175","-80.24581","SINGLE_FAMILY","","","https://photos.zillowstatic.com/fp/f798268582658c88d4926d822a05dafe-p_e.jpg"
"112 Stephen Dr, Guelph, ON N1H 7R2","N1H7R2","Guelph","ON","754900","3","3","","","3543.6","sqft","https://zillow.com/homedetails/112-Stephen-Dr-Guelph-ON-N1H-7R2/447227988_zpid/","43.536327","-80.29151","SINGLE_FAMILY","","","https://photos.zillowstatic.com/fp/6469db86e731372ac61b45143693e9e5-p_e.jpg"
"16 Hadati Rd #26, Guelph, ON N1E 6M2","N1E6M2","Guelph","ON","599000","3","3","","","","","https://zillow.com/homedetails/16-Hadati-Rd-26-Guelph-ON-N1E-6M2/2063086859_zpid/","43.565067","-80.239876","TOWNHOUSE","","","https://photos.zillowstatic.com/fp/ea14584a53d3ee2fd468388ac37d76f3-p_e.jpg"
"16 Darnell Rd, Guelph, ON N1G 5K3","N1G5K3","Guelph","ON","959000","4","4","","","3131.77","sqft","https://zillow.com/homedetails/16-Darnell-Rd-Guelph-ON-N1G-5K3/448729678_zpid/","43.514557","-80.2114","SINGLE_FAMILY","","","https://photos.zillowstatic.com/fp/32ba99a033b25b7ec4802580b2e45a27-p_e.jpg"
"177 Law Dr, Guelph, ON N1E 0E7","N1E0E7","Guelph","ON","769900","3","3","","","2181.2196","sqft","https://zillow.com/homedetails/177-Law-Dr-Guelph-ON-N1E-0E7/448832305_zpid/","43.568363","-80.21295","TOWNHOUSE","","","https://photos.zillowstatic.com/fp/fa4c56e3469b42162aad16fbca9007d8-p_e.jpg"
"134 Deerpath Dr, Guelph, ON N1K 1W9","N1K1W9","Guelph","ON","899900","5","2","1115","807.09","4268.88","sqft","https://zillow.com/homedetails/134-Deerpath-Dr-Guelph-ON-N1K-1W9/2064128416_zpid/","43.52726","-80.272156","SINGLE_FAMILY","","","https://photos.zillowstatic.com/fp/75c06d795c0d1f196f3db7e11201c960-p_e.jpg"
"941 Gordon St S #37, Guelph, ON N1G 4R9","N1G4R9","Guelph","ON","649000","2","3","","","","","https://zillow.com/homedetails/941-Gordon-St-S-37-Guelph-ON-N1G-4R9/449603639_zpid/","43.522263","-80.21505","TOWNHOUSE","","","https://photos.zillowstatic.com/fp/3f8ccd075d86de07543c18998b2fa56b-p_e.jpg"
"57 Flaherty Dr, Guelph, ON N1H 8K6","N1H8K6","Guelph","ON","929000","3","3","","","7135.45","sqft","https://zillow.com/homedetails/57-Flaherty-Dr-Guelph-ON-N1H-8K6/447461283_zpid/","43.531025","-80.3003","SINGLE_FAMILY","","","https://photos.zillowstatic.com/fp/cff7ed9c341ace37d87b995a91228d47-p_e.jpg"
"2 Pickwick Pl, Guelph, ON N1H 7V8","N1H7V8","Guelph","ON","1025000","3","3","","","6256.019","sqft","https://zillow.com/homedetails/2-Pickwick-Pl-Guelph-ON-N1H-7V8/440809507_zpid/","43.533577","-80.29251","SINGLE_FAMILY","","","https://photos.zillowstatic.com/fp/aba966652c09ebb740e37efac5d63760-p_e.jpg"
"22 Celia Cres, Guelph, ON N1G 4R4","N1G4R4","Guelph","ON","939900","4","3","","","5019.42","sqft","https://zillow.com/homedetails/22-Celia-Cres-Guelph-ON-N1G-4R4/449579395_zpid/","43.52628","-80.254616","SINGLE_FAMILY","","","https://photos.zillowstatic.com/fp/0860312dc1bda17a1c5c37fbde1f49d1-p_e.jpg"
"56 Schiedel Dr, Guelph, ON N1E 7M1","N1E7M1","Guelph","ON","779900","4","4","","","3014.28","sqft","https://zillow.com/homedetails/56-Schiedel-Dr-Guelph-ON-N1E-7M1/448123660_zpid/","43.58132","-80.26325","SINGLE_FAMILY","","","https://photos.zillowstatic.com/fp/83a5cf9348399e11bc41f67f6fd89c8b-p_e.jpg"
"8 Ray Cres, Guelph, ON N1L 0B6","N1L0B6","Guelph","ON","1599900","4","4","","","5412.7","sqft","https://zillow.com/homedetails/8-Ray-Cres-Guelph-ON-N1L-0B6/448458281_zpid/","43.51233","-80.17928","SINGLE_FAMILY","","","https://photos.zillowstatic.com/fp/d119b29a90f040ec28cf7f0a09801d83-p_e.jpg"
"49 Washburn Dr, Guelph, ON N1E 0B2","N1E0B2","Guelph","ON","769900","3","3","","","2132.427","sqft","https://zillow.com/homedetails/49-Washburn-Dr-Guelph-ON-N1E-0B2/351538262_zpid/","43.570847","-80.23304","TOWNHOUSE","","","https://photos.zillowstatic.com/fp/8d858e0708e397a4cbc41490fce7e4be-p_e.jpg"
"46 Fletcher Ct, Guelph, ON N1E 7G8","N1E7G8","Guelph","ON","949900","3","2","1039","914.24","3484.8","sqft","https://zillow.com/homedetails/46-Fletcher-Ct-Guelph-ON-N1E-7G8/2064080070_zpid/","43.57076","-80.24215","SINGLE_FAMILY","","","https://photos.zillowstatic.com/fp/92136c2266f3ff72bff5ef460809b79e-p_e.jpg"
"23 Harrington Rd N, Guelph, ON N1E 0S1","N1E0S1","Guelph","ON","1429900","5","3","","","5370","sqft","https://zillow.com/homedetails/23-Harrington-Rd-N-Guelph-ON-N1E-0S1/448398159_zpid/","43.564007","-80.21584","SINGLE_FAMILY","","","https://photos.zillowstatic.com/fp/4c12abff5f1db9a7a1b5055af7b0c753-p_e.jpg"
"7 Elderberry Ct, Guelph, ON N1L 1K3","N1L1K3","Guelph","ON","1799900","4","4","2670","674.12","","","https://zillow.com/homedetails/7-Elderberry-Ct-Guelph-ON-N1L-1K3/2056128720_zpid/","43.51362","-80.19025","SINGLE_FAMILY","","","https://photos.zillowstatic.com/fp/b9879cad9c145ed446822349b31202af-p_e.jpg"
"85 Mullin Dr #51B, Guelph, ON N1E 0R4","N1E0R4","Guelph","ON","569900","2","2","","","","","https://zillow.com/homedetails/85-Mullin-Dr-51B-Guelph-ON-N1E-0R4/440005348_zpid/","43.58327","-80.26231","TOWNHOUSE","","","https://photos.zillowstatic.com/fp/8aa82fb17b21f841aff9169bde723fd3-p_e.jpg"
"30 Reid Ct, Guelph, ON N1G 3R6","N1G3R6","Guelph","ON","829000","4","3","","","3003","sqft","https://zillow.com/homedetails/30-Reid-Ct-Guelph-ON-N1G-3R6/2058407739_zpid/","43.514065","-80.230804","SINGLE_FAMILY","","","https://photos.zillowstatic.com/fp/c141982650a1f2d43db19cc2d996c149-p_e.jpg"
"59 John Brabson Cres, Guelph, ON N1G 0G5","N1G0G5","Guelph","ON","929525","4","3","","","2241","sqft","https://zillow.com/homedetails/59-John-Brabson-Cres-Guelph-ON-N1G-0G5/440015835_zpid/","43.526375","-80.1988","SINGLE_FAMILY","","","https://photos.zillowstatic.com/fp/83bd26112f7dd5b80d1b37d899a6a695-p_e.jpg"
"2 Wildwood Pl, Guelph, ON N1H 7X9","N1H7X9","Guelph","ON","690000","2","2","1100","627.27","4371","sqft","https://zillow.com/homedetails/2-Wildwood-Pl-Guelph-ON-N1H-7X9/447561789_zpid/","43.533955","-80.27846","SINGLE_FAMILY","","","https://photos.zillowstatic.com/fp/f38f894c2b94a46cdde8da146d6c3dda-p_e.jpg"
"30 Samuel Dr, Guelph, ON N1L 0K2","N1L0K2","Guelph","ON","1139900","5","4","","","3337.1051","sqft","https://zillow.com/homedetails/30-Samuel-Dr-Guelph-ON-N1L-0K2/447644315_zpid/","43.513504","-80.17391","SINGLE_FAMILY","","","https://photos.zillowstatic.com/fp/51ebcfa0eb66c63d1feeff5906704372-p_e.jpg"
"42 Hands Dr, Guelph, ON N1G 3H3","N1G3H3","Guelph","ON","1349900","4","4","2468","546.96","7891","sqft","https://zillow.com/homedetails/42-Hands-Dr-Guelph-ON-N1G-3H3/446732317_zpid/","43.52694","-80.21308","SINGLE_FAMILY","","","https://photos.zillowstatic.com/fp/fe58a6c325dd67510f508994de4169ef-p_e.jpg"
"83 McCann St, Guelph, ON N1G 0A8","N1G0A8","Guelph","ON","1989888","4","5","","","5800","sqft","https://zillow.com/homedetails/83-McCann-St-Guelph-ON-N1G-0A8/2052925416_zpid/","43.528336","-80.20244","SINGLE_FAMILY","","","https://photos.zillowstatic.com/fp/98db1c45d17274fa67bd4472f79e4539-p_e.jpg"
"392 Imperial Rd S, Guelph, ON N1K 1K3","N1K1K3","Guelph","ON","795899","3","2","","","5360.7258","sqft","https://zillow.com/homedetails/392-Imperial-Rd-S-Guelph-ON-N1K-1K3/448741348_zpid/","43.522545","-80.273575","SINGLE_FAMILY","","","https://photos.zillowstatic.com/fp/e31ea313a7db737eca32862d3563b7e0-p_e.jpg"
"920 Edinburgh Rd S #4, Guelph, ON N1G 5C5","N1G5C5","Guelph","ON","699900","3","3","","","","","https://zillow.com/homedetails/920-Edinburgh-Rd-S-4-Guelph-ON-N1G-5C5/448325957_zpid/","43.511635","-80.210724","TOWNHOUSE","","","https://photos.zillowstatic.com/fp/90e263bceab059f5475b694b79824732-p_e.jpg"
"10 Jean Anderson Cres, Guelph, ON N1G 5A6","N1G5A6","Guelph","ON","1624900","6","4","2749","591.09","7469.1076","sqft","https://zillow.com/homedetails/10-Jean-Anderson-Cres-Guelph-ON-N1G-5A6/447735983_zpid/","43.49854","-80.20018","SINGLE_FAMILY","","","https://photos.zillowstatic.com/fp/5ffcfa1aef7e2d24cd6bbcd8feba3eb9-p_e.jpg"
"10 Bright Ln, Guelph, ON N1L 1S6","N1L1S6","Guelph","ON","1799900","5","4","","","5670","sqft","https://zillow.com/homedetails/10-Bright-Ln-Guelph-ON-N1L-1S6/2064689092_zpid/","43.51577","-80.184105","SINGLE_FAMILY","","","https://photos.zillowstatic.com/fp/f3407da763926c7988f47b288c5cdebd-p_e.jpg"
"90 Neeve St, Guelph, ON N1E 5S1","N1E5S1","Guelph","ON","610000","3","1","","","2059.5954","sqft","https://zillow.com/homedetails/90-Neeve-St-Guelph-ON-N1E-5S1/359205555_zpid/","43.54439","-80.24114","TOWNHOUSE","","","https://photos.zillowstatic.com/fp/163213d78b1cfa047007d972ba7ea025-p_e.jpg"
"41 Goodwin Dr #202, Guelph, ON N1L 0E7","N1L0E7","Guelph","ON","524900","2","1","865","606.82","","","https://zillow.com/homedetails/41-Goodwin-Dr-202-Guelph-ON-N1L-0E7/447916258_zpid/","43.5039","-80.18556","CONDO","","","https://photos.zillowstatic.com/fp/a6bb08a4501d5782ec7148f017a8fccd-p_e.jpg"
"71 Davis St, Guelph, ON N1E 0G3","N1E0G3","Guelph","ON","1200000","5","4","","","455.28","sqft","https://zillow.com/homedetails/71-Davis-St-Guelph-ON-N1E-0G3/2071811201_zpid/","43.581055","-80.221466","SINGLE_FAMILY","","","https://photos.zillowstatic.com/fp/0bd1389ebf625de4a38fe5a7d29eb6bd-p_e.jpg"
"20 Delmar Blvd, Guelph, ON N1E 2K8","N1E2K8","Guelph","ON","764900","4","2","991","771.85","5000","sqft","https://zillow.com/homedetails/20-Delmar-Blvd-Guelph-ON-N1E-2K8/2068769890_zpid/","43.55969","-80.237366","SINGLE_FAMILY","","","https://photos.zillowstatic.com/fp/fe1a7f46806309d2b42131eb155b41f3-p_e.jpg"
"26 Lowes Rd W #105, Guelph, ON N1G 4X2","N1G4X2","Guelph","ON","499900","2","2","","","","","https://zillow.com/homedetails/26-Lowes-Rd-W-105-Guelph-ON-N1G-4X2/2055433166_zpid/","43.508995","-80.19499","APARTMENT","","","https://photos.zillowstatic.com/fp/73f5dc9bbe906346e296336910a9d907-p_e.jpg"
"332 Gosling Gdns #312, Guelph, ON N1L 0P8","N1L0P8","Guelph","ON","629999","2","2","1022","616.44","","","https://zillow.com/homedetails/332-Gosling-Gdns-312-Guelph-ON-N1L-0P8/343916434_zpid/","43.497997","-80.18668","CONDO","","","https://photos.zillowstatic.com/fp/7e0724fa8e11a8a6c13e99dc36629b82-p_e.jpg"
"30 Imperial Rd S #106, Guelph, ON N1K 1Y5","N1K1Y5","Guelph","ON","699900","3","3","1260","555.48","","","https://zillow.com/homedetails/30-Imperial-Rd-S-106-Guelph-ON-N1K-1Y5/448738766_zpid/","43.52616","-80.28716","TOWNHOUSE","","","https://photos.zillowstatic.com/fp/0168853c9eedaa7c7cb719fe81bd1f49-p_e.jpg"
"75 Westra Dr, Guelph, ON N1K 0B5","N1K0B5","Guelph","ON","1289000","4","4","2613","493.3","4189.392","sqft","https://zillow.com/homedetails/75-Westra-Dr-Guelph-ON-N1K-0B5/448216607_zpid/","43.52332","-80.30722","SINGLE_FAMILY","","","https://photos.zillowstatic.com/fp/a8b61cb8ac6715dd2767e6be4310ca0f-p_e.jpg"
"134 Dublin St N, Guelph, ON N1H 4N7","N1H4N7","Guelph","ON","1799900","4","3","","","5712","sqft","https://zillow.com/homedetails/134-Dublin-St-N-Guelph-ON-N1H-4N7/351536648_zpid/","43.545303","-80.2555","SINGLE_FAMILY","","","https://photos.zillowstatic.com/fp/8ab60a699ad1b6f9ecc4d3ba681193e1-p_e.jpg"
"28 Valleyridge Trl, Guelph, ON N1G 4B3","N1G4B3","Guelph","ON","1449900","4","4","","","0.47695133149678604","acres","https://zillow.com/homedetails/28-Valleyridge-Trl-Guelph-ON-N1G-4B3/448123709_zpid/","43.508522","-80.242676","SINGLE_FAMILY","","","https://photos.zillowstatic.com/fp/a8a11866b2dbc816e04e80a7bcf3a75f-p_e.jpg"
"302 College Ave W #44, Guelph, ON N1G 4T6","N1G4T6","Guelph","ON","749900","3","3","1320","568.11","","","https://zillow.com/homedetails/302-College-Ave-W-44-Guelph-ON-N1G-4T6/449588855_zpid/","43.520607","-80.24478","TOWNHOUSE","","","https://photos.zillowstatic.com/fp/ffbf6a2c0e8b5c6096d86715ca9b061e-p_e.jpg"
"72 York Rd #20, Guelph, ON N1E 0M3","N1E0M3","Guelph","ON","819000","2","3","","","","","https://zillow.com/homedetails/72-York-Rd-20-Guelph-ON-N1E-0M3/2066648776_zpid/","43.54204","-80.24038","TOWNHOUSE","","","https://photos.zillowstatic.com/fp/57bf1b1dab59dce8e372afd773b770c0-p_e.jpg"
"281 Palmer St, Guelph, ON N1E 2S1","N1E2S1","Guelph","ON","769900","3","1","","","10000","sqft","https://zillow.com/homedetails/281-Palmer-St-Guelph-ON-N1E-2S1/448889122_zpid/","43.55545","-80.23972","SINGLE_FAMILY","","","https://photos.zillowstatic.com/fp/ab9e1f5ba341bfccb41c2e7160607ff9-p_e.jpg"
"25 Kay Cres #207, Guelph, ON N1L 0P2","N1L0P2","Guelph","ON","579900","2","2","940","616.91","","","https://zillow.com/homedetails/25-Kay-Cres-207-Guelph-ON-N1L-0P2/2072911064_zpid/","43.50394","-80.18395","CONDO","","","https://photos.zillowstatic.com/fp/271d4c52671be988e4a89ce2d09abc1a-p_e.jpg"
"231 Alma St N, Guelph, ON N1H 5Y1","N1H5Y1","Guelph","ON","689000","4","1","","","4751.6952","sqft","https://zillow.com/homedetails/231-Alma-St-N-Guelph-ON-N1H-5Y1/2064626706_zpid/","43.542744","-80.27189","SINGLE_FAMILY","","","https://photos.zillowstatic.com/fp/bb269cfc931fec7792492825b07e4be7-p_e.jpg"
"191 Elmira Rd S #105, Guelph, ON N1K 0B6","N1K0B6","Guelph","ON","499000","2","2","998","500","","","https://zillow.com/homedetails/191-Elmira-Rd-S-105-Guelph-ON-N1K-0B6/449380788_zpid/","43.520542","-80.287285","CONDO","","","https://photos.zillowstatic.com/fp/56562b11aebf0bc46e3dda398500fddf-p_e.jpg"
"212 Summerfield Dr, Guelph, ON N1L 1L3","N1L1L3","Guelph","ON","1320000","5","4","","","5250","sqft","https://zillow.com/homedetails/212-Summerfield-Dr-Guelph-ON-N1L-1L3/2061989548_zpid/","43.51786","-80.18317","SINGLE_FAMILY","","","https://photos.zillowstatic.com/fp/fef5d93f7a83fa959ef853301d72a6ce-p_e.jpg"
"25 Kay Cres UNIT 313, Guelph, ON N1L 0P2","N1L0P2","Guelph","ON","549900","2","2","925","594.49","","","https://zillow.com/homedetails/25-Kay-Cres-UNIT-313-Guelph-ON-N1L-0P2/447677621_zpid/","43.50382","-80.18279","CONDO","","","https://photos.zillowstatic.com/fp/d7e60b2a0fbea47b6f32090b9754a778-p_e.jpg"
"824 Woolwich St #151, Guelph, ON N1H 3W8","N1H3W8","Guelph","ON","619000","2","2","","","","","https://zillow.com/homedetails/824-Woolwich-St-151-Guelph-ON-N1H-3W8/449583897_zpid/","43.552353","-80.25936","TOWNHOUSE","","","https://photos.zillowstatic.com/fp/a782763d2120f390359188211ca504a3-p_e.jpg"
"44 Arlington Cres, Guelph, ON N1L 0L1","N1L0L1","Guelph","ON","729900","3","4","","","","","https://zillow.com/homedetails/44-Arlington-Cres-Guelph-ON-N1L-0L1/2064675297_zpid/","43.512096","-80.17381","TOWNHOUSE","","","https://photos.zillowstatic.com/fp/046b59111c9fa1ee9debae8392a28515-p_e.jpg"
"16 Sagewood Pl, Guelph, ON N1G 3M6","N1G3M6","Guelph","ON","898898","3","3","","","5500","sqft","https://zillow.com/homedetails/16-Sagewood-Pl-Guelph-ON-N1G-3M6/447566726_zpid/","43.510044","-80.22653","SINGLE_FAMILY","","","https://photos.zillowstatic.com/fp/2a3f27c3a2b417961eb8238da92223b9-p_e.jpg"
"33 Macalister Blvd, Guelph, ON N1G 0G5","N1G0G5","Guelph","ON","1699000","4","4","","","7192.614","sqft","https://zillow.com/homedetails/33-Macalister-Blvd-Guelph-ON-N1G-0G5/446858683_zpid/","43.5252","-80.19974","SINGLE_FAMILY","","","https://photos.zillowstatic.com/fp/9959632e9bebf0913937e1292c6af4c5-p_e.jpg"
"901 Paisley Rd #307, Guelph, ON N1K 0A7","N1K0A7","Guelph","ON","465000","1","1","813","571.96","","","https://zillow.com/homedetails/901-Paisley-Rd-307-Guelph-ON-N1K-0A7/2063326730_zpid/","43.526943","-80.285416","CONDO","","","https://photos.zillowstatic.com/fp/15b96e86c15bf16e1e2ccdc642e4588d-p_e.jpg"
"120 Huron St #414, Guelph, ON N1E 0S7","N1E0S7","Guelph","ON","559000","1","1","800","698.75","","","https://zillow.com/homedetails/120-Huron-St-414-Guelph-ON-N1E-0S7/449848266_zpid/","43.54763","-80.23565","CONDO","","","https://photos.zillowstatic.com/fp/de5d13daf0dbe8788b731cf9cc679a5e-p_e.jpg"
"75 Kearney St, Guelph, ON N1E 7H3","N1E7H3","Guelph","ON","769900","3","4","","","2833.25","sqft","https://zillow.com/homedetails/75-Kearney-St-Guelph-ON-N1E-7H3/449768994_zpid/","43.565502","-80.22459","SINGLE_FAMILY","","","https://photos.zillowstatic.com/fp/4a4b23e23b433d4def19f4031106bd40-p_e.jpg"
"10 Kipling Ave, Guelph, ON N1H 8A2","N1H8A2","Guelph","ON","1049900","4","3","","","5985.9044","sqft","https://zillow.com/homedetails/10-Kipling-Ave-Guelph-ON-N1H-8A2/2068419921_zpid/","43.53061","-80.29548","SINGLE_FAMILY","","","https://photos.zillowstatic.com/fp/0b54d11ea8b8777d492899d4349e6bf9-p_e.jpg"
"124 Watson Pkwy N #4, Guelph, ON N1E 0P6","N1E0P6","Guelph","ON","634900","2","3","","","","","https://zillow.com/homedetails/124-Watson-Pkwy-N-4-Guelph-ON-N1E-0P6/448748464_zpid/","43.56787","-80.21147","TOWNHOUSE","","","https://photos.zillowstatic.com/fp/7cc2f873609e671fd40539fa645b7d92-p_e.jpg"
"237 Goodwin Dr, Guelph, ON N1L 0K1","N1L0K1","Guelph","ON","1440000","6","4","","","4591.78","sqft","https://zillow.com/homedetails/237-Goodwin-Dr-Guelph-ON-N1L-0K1/447941991_zpid/","43.513","-80.17504","SINGLE_FAMILY","","","https://photos.zillowstatic.com/fp/00fffe69de7c0d3ff0c964b9562e2013-p_e.jpg"
"128 Milson Cres, Guelph, ON N1C 1G5","N1C1G5","Guelph","ON","950000","4","4","","","3395.95","sqft","https://zillow.com/homedetails/128-Milson-Cres-Guelph-ON-N1C-1G5/448977815_zpid/","43.498905","-80.229355","SINGLE_FAMILY","","","https://photos.zillowstatic.com/fp/0b82311cbc7a9dbcf0d4afd136041017-p_e.jpg"
"675 Victoria Rd N #12, Guelph, ON N1E 0S9","N1E0S9","Guelph","ON","849000","3","3","1510","562.25","1885.5144","sqft","https://zillow.com/homedetails/675-Victoria-Rd-N-12-Guelph-ON-N1E-0S9/440336332_zpid/","43.583176","-80.26645","TOWNHOUSE","","","https://photos.zillowstatic.com/fp/c020a76b567fe607df93458684ce947c-p_e.jpg"
"140 Brant Ave, Guelph, ON N1E 6C9","N1E6C9","Guelph","ON","799900","4","2","","","4996.2","sqft","https://zillow.com/homedetails/140-Brant-Ave-Guelph-ON-N1E-6C9/2064711145_zpid/","43.576904","-80.2471","SINGLE_FAMILY","","","https://photos.zillowstatic.com/fp/ded1490cf5ba275b3bc1678b41e1365b-p_e.jpg"
"9 Peer Dr, Guelph, ON N1C 1G9","N1C1G9","Guelph","ON","1299900","3","4","2196","591.94","4701.3876","sqft","https://zillow.com/homedetails/9-Peer-Dr-Guelph-ON-N1C-1G9/448988956_zpid/","43.49917","-80.228226","SINGLE_FAMILY","","","https://photos.zillowstatic.com/fp/057726dfe58e6486e04ab5bf5b1a34cc-p_e.jpg"
"69 Gibbs Cres, Guelph, ON N1G 5B8","N1G5B8","Guelph","ON","1100000","5","4","","","4236.3465","sqft","https://zillow.com/homedetails/69-Gibbs-Cres-Guelph-ON-N1G-5B8/2064646615_zpid/","43.49834","-80.19484","SINGLE_FAMILY","","","https://photos.zillowstatic.com/fp/3aa09301cda40460f02db2c7d04e8e5b-p_e.jpg"
"302 College Ave W #47, Guelph, ON N1G 4T6","N1G4T6","Guelph","ON","685000","3","2","","","","","https://zillow.com/homedetails/302-College-Ave-W-47-Guelph-ON-N1G-4T6/2064696830_zpid/","43.52054","-80.246376","TOWNHOUSE","","","https://photos.zillowstatic.com/fp/6e7b85362bad0a7907e70aef7042b406-p_e.jpg"
"45 Kingsbury Sq #310, Guelph, ON N1L 0L2","N1L0L2","Guelph","ON","620000","3","2","1083","572.48","","","https://zillow.com/homedetails/45-Kingsbury-Sq-310-Guelph-ON-N1L-0L2/2064698854_zpid/","43.514553","-80.1731","CONDO","","","https://photos.zillowstatic.com/fp/30fb3ec68624fa00edbb971966bc9665-p_e.jpg"
"199 Summit Ridge Dr, Guelph, ON N1E 0M1","N1E0M1","Guelph","ON","1109999","4","4","","","3464.1632","sqft","https://zillow.com/homedetails/199-Summit-Ridge-Dr-Guelph-ON-N1E-0M1/2064200126_zpid/","43.572155","-80.234825","SINGLE_FAMILY","","","https://photos.zillowstatic.com/fp/091763cd164dd03d2be9101a2d985623-p_e.jpg"
"23 Julia Dr, Guelph, ON N1H 5V9","N1H5V9","Guelph","ON","799900","4","3","","","5060.55","sqft","https://zillow.com/homedetails/23-Julia-Dr-Guelph-ON-N1H-5V9/448197092_zpid/","43.541664","-80.26902","SINGLE_FAMILY","","","https://photos.zillowstatic.com/fp/c49f029bd78052554d4f1b8a57cf4bc2-p_e.jpg"
"78 Laughland Ln, Guelph, ON N1L 0C6","N1L0C6","Guelph","ON","1159900","4","4","","","2881.671","sqft","https://zillow.com/homedetails/78-Laughland-Ln-Guelph-ON-N1L-0C6/2056029647_zpid/","43.51028","-80.17737","SINGLE_FAMILY","","","https://photos.zillowstatic.com/fp/8631d5e9f87fc851894336eb348830d0-p_e.jpg"
"216 Severn Dr, Guelph, ON N1E 0C7","N1E0C7","Guelph","ON","835000","3","3","","","294.2","sqft","https://zillow.com/homedetails/216-Severn-Dr-Guelph-ON-N1E-0C7/449345647_zpid/","43.57803","-80.22185","TOWNHOUSE","","","https://photos.zillowstatic.com/fp/4cc6e3a7b9460a2d6df0b6b3430139fd-p_e.jpg"
"38 McIntyre Ct, Guelph, ON N1L 0N1","N1L0N1","Guelph","ON","2143000","7","5","","","6116","sqft","https://zillow.com/homedetails/38-McIntyre-Ct-Guelph-ON-N1L-0N1/347179471_zpid/","43.505135","-80.179436","SINGLE_FAMILY","","","https://photos.zillowstatic.com/fp/2c279baf161916208254558a85a485a1-p_e.jpg"
"26 Lowes Rd #503, Guelph, ON N1G 4X2","N1G4X2","Guelph","ON","480000","1","1","","","","","https://zillow.com/homedetails/26-Lowes-Rd-503-Guelph-ON-N1G-4X2/448654429_zpid/","43.507656","-80.1959","APARTMENT","","","https://photos.zillowstatic.com/fp/b89a82b557d559ee2305d8c90bcf9ee2-p_e.jpg"
"284 W Acres Dr, Guelph, ON N1H 7P1","N1H7P1","Guelph","ON","899900","4","4","","","5000","sqft","https://zillow.com/homedetails/284-W-Acres-Dr-Guelph-ON-N1H-7P1/449000466_zpid/","43.519497","-80.27634","SINGLE_FAMILY","","","https://photos.zillowstatic.com/fp/034d81cbe0e14fb4914f8001ea5b48d2-p_e.jpg"
"70 Freeman Ave, Guelph, ON N1H 4T3","N1H4T3","Guelph","ON","824900","4","2","","","6072.473","sqft","https://zillow.com/homedetails/70-Freeman-Ave-Guelph-ON-N1H-4T3/2064587150_zpid/","43.55725","-80.27685","SINGLE_FAMILY","","","https://photos.zillowstatic.com/fp/d27539585cba3998629558ccc25ae847-p_e.jpg"
"33 Ridgeway Ave, Guelph, ON N1L 1G9","N1L1G9","Guelph","ON","1150000","3","1","","","0.32257995867768596","acres","https://zillow.com/homedetails/33-Ridgeway-Ave-Guelph-ON-N1L-1G9/440276405_zpid/","43.514004","-80.19353","SINGLE_FAMILY","","","https://photos.zillowstatic.com/fp/327d5387572cddfb0f92db3bc6cafe4e-p_e.jpg"
"1880 Gordon St #701, Guelph, ON N1L 0P5","N1L0P5","Guelph","ON","559000","1","1","685","816.06","","","https://zillow.com/homedetails/1880-Gordon-St-701-Guelph-ON-N1L-0P5/446786626_zpid/","43.499176","-80.18475","CONDO","","","https://photos.zillowstatic.com/fp/1a6ef8128bbd82ce778ac8cf31f0cb9a-p_e.jpg"
"7 Kay Cres UNIT 107, Guelph, ON N1L 0P9","N1L0P9","Guelph","ON","649990","3","2","1041","624.39","","","https://zillow.com/homedetails/7-Kay-Cres-UNIT-107-Guelph-ON-N1L-0P9/2086423225_zpid/","43.50403","-80.18164","CONDO","","","https://photos.zillowstatic.com/fp/f185799e5fdbb2a38bb319f278b21635-p_e.jpg"
"1 Sunnylea Cres #107, Guelph, ON N1E 1W1","N1E1W1","Guelph","ON","449000","2","1","","","","","https://zillow.com/homedetails/1-Sunnylea-Cres-107-Guelph-ON-N1E-1W1/447518727_zpid/","43.559658","-80.25871","APARTMENT","","","https://photos.zillowstatic.com/fp/7c09a0a649f1cac32e94643d5dbc702e-p_e.jpg"
"1 Huntington Pl, Guelph, ON N1G 4C9","N1G4C9","Guelph","ON","1579000","4","4","","","5819.9002","sqft","https://zillow.com/homedetails/1-Huntington-Pl-Guelph-ON-N1G-4C9/448715641_zpid/","43.523636","-80.211555","SINGLE_FAMILY","","","https://photos.zillowstatic.com/fp/b5ca33c48dc449dc52133b329da8acab-p_e.jpg"
"85 Mullin Dr #27B, Guelph, ON N1E 0R4","N1E0R4","Guelph","ON","589900","2","2","","","","","https://zillow.com/homedetails/85-Mullin-Dr-27B-Guelph-ON-N1E-0R4/2058240436_zpid/","43.583267","-80.26231","TOWNHOUSE","","","https://photos.zillowstatic.com/fp/074333be21e17078fffa400ef38b4338-p_e.jpg"
"15 Valley Rd #19, Guelph, ON N1L 0H3","N1L0H3","Guelph","ON","1549900","5","3","","","","","https://zillow.com/homedetails/15-Valley-Rd-19-Guelph-ON-N1L-0H3/443863871_zpid/","43.51785","-80.20145","CONDO","","","https://photos.zillowstatic.com/fp/4332ca4ba6654ad845e0374b39676c0f-p_e.jpg"
"120 Watson Pkwy N #1, Guelph, ON N1E 0P6","N1E0P6","Guelph","ON","700000","3","3","","","","","https://zillow.com/homedetails/120-Watson-Pkwy-N-1-Guelph-ON-N1E-0P6/2062756094_zpid/","43.567757","-80.21143","TOWNHOUSE","","","https://photos.zillowstatic.com/fp/bd6d6beb6d3d1d0dd591f707213be183-p_e.jpg"
"41 Ridgeway Ave, Guelph, ON N1L 1G8","N1L1G8","Guelph","ON","1169900","4","1","1348","867.88","0.3482552800734619","acres","https://zillow.com/homedetails/41-Ridgeway-Ave-Guelph-ON-N1L-1G8/349494267_zpid/","43.51338","-80.19435","SINGLE_FAMILY","","","https://photos.zillowstatic.com/fp/be3086607dd037de79098e8d650799a2-p_e.jpg"
"14 Atto Dr, Guelph, ON N1E 0E4","N1E0E4","Guelph","ON","1175000","3","3","","","4485","sqft","https://zillow.com/homedetails/14-Atto-Dr-Guelph-ON-N1E-0E4/441780246_zpid/","43.581165","-80.257034","SINGLE_FAMILY","","","https://photos.zillowstatic.com/fp/336c650dda5ba151af79aa15e0656be1-p_e.jpg"
"22 Marilyn Dr #608, Guelph, ON N1H 7T1","N1H7T1","Guelph","ON","446000","2","2","1293","344.93","","","https://zillow.com/homedetails/22-Marilyn-Dr-608-Guelph-ON-N1H-7T1/441169091_zpid/","43.563595","-80.27182","CONDO","","","https://photos.zillowstatic.com/fp/b7b327e85ed4ae749c7e00a1eb8c355b-p_e.jpg"
"104 Summit Ridge Dr #407, Guelph, ON N1E 0R5","N1E0R5","Guelph","ON","489900","2","1","","","","","https://zillow.com/homedetails/104-Summit-Ridge-Dr-407-Guelph-ON-N1E-0R5/446733240_zpid/","43.572975","-80.23193","APARTMENT","","","https://photos.zillowstatic.com/fp/b1d32b0e6d86ab182654813d83b8e6f1-p_e.jpg"
"37 Conroy Cres #13, Guelph, ON N1G 2V5","N1G2V5","Guelph","ON","365000","2","1","","","","","https://zillow.com/homedetails/37-Conroy-Cres-13-Guelph-ON-N1G-2V5/2064643326_zpid/","43.51035","-80.25461","APARTMENT","","","https://photos.zillowstatic.com/fp/23803b1ee03eb39387642a13ab53873a-p_e.jpg"
"904 Paisley Rd #211, Guelph, ON N1K 0C6","N1K0C6","Guelph","ON","549900","3","2","","","","","https://zillow.com/homedetails/904-Paisley-Rd-211-Guelph-ON-N1K-0C6/2060677880_zpid/","43.526363","-80.28494","TOWNHOUSE","","","https://photos.zillowstatic.com/fp/e711814ac6f36b24bf68f4ff371f884c-p_e.jpg"
"106 Bard Blvd #319, Guelph, ON N1L 0L8","N1L0L8","Guelph","ON","635000","2","2","","","","","https://zillow.com/homedetails/106-Bard-Blvd-319-Guelph-ON-N1L-0L8/2064564567_zpid/","43.52275","-80.184395","APARTMENT","","","https://photos.zillowstatic.com/fp/90b9df44e6db29064f2adc1948766f75-p_e.jpg"
"630 Woodlawn Rd E #B, Guelph, ON N1E 0K4","N1E0K4","Guelph","ON","549000","2","2","","","","","https://zillow.com/homedetails/630-Woodlawn-Rd-E-B-Guelph-ON-N1E-0K4/443288077_zpid/","43.581722","-80.25461","TOWNHOUSE","","","https://photos.zillowstatic.com/fp/1eedf7bd55677e0577b073c1492c4fc2-p_e.jpg"
"106 Bard Blvd #112, Guelph, ON N1L 0L8","N1L0L8","Guelph","ON","599000","2","2","","","","","https://zillow.com/homedetails/106-Bard-Blvd-112-Guelph-ON-N1L-0L8/447983261_zpid/","43.522755","-80.184395","APARTMENT","","","https://photos.zillowstatic.com/fp/88bf0bbf78c3424856697154ae6f0696-p_e.jpg"
"689 College Ave W, Guelph, ON N1G 2Y2","N1G2Y2","Guelph","ON","759000","5","3","1050","722.86","2485.503","sqft","https://zillow.com/homedetails/689-College-Ave-W-Guelph-ON-N1G-2Y2/2064317792_zpid/","43.510387","-80.25058","SINGLE_FAMILY","","","https://photos.zillowstatic.com/fp/2061d8a09883872067daab3139279632-p_e.jpg"
"276 Watson Pkwy N, Guelph, ON N1E 7J5","N1E7J5","Guelph","ON","1049900","5","3","","","4711.872","sqft","https://zillow.com/homedetails/276-Watson-Pkwy-N-Guelph-ON-N1E-7J5/2055965482_zpid/","43.57202","-80.21635","SINGLE_FAMILY","","","https://photos.zillowstatic.com/fp/fc742feb258abac350a7dfad1fa7e437-p_e.jpg"
"84 McCann St, Guelph, ON N1G 0B9","N1G0B9","Guelph","ON","2069000","5","6","","","6021.2478","sqft","https://zillow.com/homedetails/84-McCann-St-Guelph-ON-N1G-0B9/343698907_zpid/","43.528004","-80.20292","SINGLE_FAMILY","","","https://photos.zillowstatic.com/fp/2ff71d38e3664627accf4ea00a6c7ae2-p_e.jpg"
"73 Arthur St S #501, Guelph, ON N1E 4T9","N1E4T9","Guelph","ON","598800","2","1","","","","","https://zillow.com/homedetails/73-Arthur-St-S-501-Guelph-ON-N1E-4T9/448647840_zpid/","43.54918","-80.24579","APARTMENT","","","https://photos.zillowstatic.com/fp/a34a9b5943a0d3e80ee0874df25d4e5b-p_e.jpg"
"100 Mussen St, Guelph, ON N1E 0K2","N1E0K2","Guelph","ON","779000","3","3","","","2079.2142","sqft","https://zillow.com/homedetails/100-Mussen-St-Guelph-ON-N1E-0K2/2067068571_zpid/","43.583447","-80.26511","TOWNHOUSE","","","https://photos.zillowstatic.com/fp/e99026080bfc125492b9175a1f8fc2cc-p_e.jpg"
"1880 Gordon St #204, Guelph, ON N1L 0P5","N1L0P5","Guelph","ON","849900","2","2","","","","","https://zillow.com/homedetails/1880-Gordon-St-204-Guelph-ON-N1L-0P5/2064663451_zpid/","43.498863","-80.18424","APARTMENT","","","https://photos.zillowstatic.com/fp/78166f37780992352cc0d0552228d5f6-p_e.jpg"
"107 Westra Dr #35, Guelph, ON N1K 0A5","N1K0A5","Guelph","ON","695900","2","3","","","","","https://zillow.com/homedetails/107-Westra-Dr-35-Guelph-ON-N1K-0A5/2064662152_zpid/","43.52329","-80.310165","TOWNHOUSE","","","https://photos.zillowstatic.com/fp/c119e1fea9701c7715f41412f09db60d-p_e.jpg"
"107 Westra Dr #7, Guelph, ON N1K 1Z7","N1K1Z7","Guelph","ON","559999","2","2","","","","","https://zillow.com/homedetails/107-Westra-Dr-7-Guelph-ON-N1K-1Z7/448650302_zpid/","43.524185","-80.30156","TOWNHOUSE","","","https://photos.zillowstatic.com/fp/c91a798ecbac3e7604f6a9cfc8c0cef4-p_e.jpg"
"102 Oakes Cres, Guelph, ON N1E 0J5","N1E0J5","Guelph","ON","1179000","4","4","","","3521.8775","sqft","https://zillow.com/homedetails/102-Oakes-Cres-Guelph-ON-N1E-0J5/448908173_zpid/","43.56183","-80.220695","SINGLE_FAMILY","","","https://photos.zillowstatic.com/fp/91439c46219787acb6ab317e1516eaf3-p_e.jpg"
"107 Dovercliffe Rd #28, Guelph, ON N1G 3A5","N1G3A5","Guelph","ON","675000","3","2","","","","","https://zillow.com/homedetails/107-Dovercliffe-Rd-28-Guelph-ON-N1G-3A5/2063251607_zpid/","43.512314","-80.25625","TOWNHOUSE","","","https://photos.zillowstatic.com/fp/71be0f3f6771b75fa8facbfbdba6a1a1-p_e.jpg"
"52 Waterloo Ave, Guelph, ON N1H 3H5","N1H3H5","Guelph","ON","785000","8","4","","","6144","sqft","https://zillow.com/homedetails/52-Waterloo-Ave-Guelph-ON-N1H-3H5/2064688399_zpid/","43.539825","-80.25087","SINGLE_FAMILY","","","https://photos.zillowstatic.com/fp/e8324716735fd76ebc5d624ca1eb5922-p_e.jpg"
"60 Lynnmore St #201, Guelph, ON N1L 0J8","N1L0J8","Guelph","ON","479900","1","1","","","","","https://zillow.com/homedetails/60-Lynnmore-St-201-Guelph-ON-N1L-0J8/2064127859_zpid/","43.517242","-80.17683","APARTMENT","","","https://photos.zillowstatic.com/fp/152bd11e49eb6f79893dd2de7e85fbf2-p_e.jpg"
"271 Goodwin Dr, Guelph, ON N1L 0K1","N1L0K1","Guelph","ON","1359900","5","4","","","4871.75","sqft","https://zillow.com/homedetails/271-Goodwin-Dr-Guelph-ON-N1L-0K1/447696322_zpid/","43.5144","-80.17531","SINGLE_FAMILY","","","https://photos.zillowstatic.com/fp/5c02182612d6b0a1caca26c2925e8106-p_e.jpg"
"142 Renfield St, Guelph, ON N1E 4B2","N1E4B2","Guelph","ON","774900","3","2","","","6600","sqft","https://zillow.com/homedetails/142-Renfield-St-Guelph-ON-N1E-4B2/441149830_zpid/","43.569416","-80.25542","SINGLE_FAMILY","","","https://photos.zillowstatic.com/fp/267b886c01ad99eb28f63d1320824e87-p_e.jpg"
"93 Lynch Cir S, Guelph, ON N1L 1R8","N1L1R8","Guelph","ON","959000","4","4","","","3240","sqft","https://zillow.com/homedetails/93-Lynch-Cir-S-Guelph-ON-N1L-1R8/443800764_zpid/","43.505753","-80.18387","SINGLE_FAMILY","","","https://photos.zillowstatic.com/fp/7384f422160ee8f29b0b4728c36ffaa3-p_e.jpg"
"125 Dovercliffe Rd, Guelph, ON N1G 3A5","N1G3A5","Guelph","ON","659900","3","2","","","","","https://zillow.com/homedetails/125-Dovercliffe-Rd-Guelph-ON-N1G-3A5/2064707392_zpid/","43.512756","-80.25656","TOWNHOUSE","","","https://photos.zillowstatic.com/fp/8b44d9e5e1eb434ded49ad3beecb09fa-p_e.jpg"
"295 Water St #15, Guelph, ON N1G 2X5","N1G2X5","Guelph","ON","689900","3","3","","","","","https://zillow.com/homedetails/295-Water-St-15-Guelph-ON-N1G-2X5/2064715738_zpid/","43.529556","-80.25564","TOWNHOUSE","","","https://photos.zillowstatic.com/fp/50b6f7d6c5479bc3d362a1569c399646-p_e.jpg"
"51 Cherry Blossom Cir, Guelph, ON N1G 4X7","N1G4X7","Guelph","ON","869000","2","2","","","","","https://zillow.com/homedetails/51-Cherry-Blossom-Cir-Guelph-ON-N1G-4X7/443823978_zpid/","43.52977","-80.21214","CONDO","","","https://photos.zillowstatic.com/fp/794376b435716754876ab703ecb0b520-p_e.jpg"
"32 Arkell Rd #7, Guelph, ON N1L 0L4","N1L0L4","Guelph","ON","729000","3","3","","","","","https://zillow.com/homedetails/32-Arkell-Rd-7-Guelph-ON-N1L-0L4/2064612897_zpid/","43.514824","-80.19867","TOWNHOUSE","","","https://photos.zillowstatic.com/fp/f24ddbe894a33d1fd87899d1d8bd8c39-p_e.jpg"
"24 Marilyn Dr N #401, Guelph, ON N1H 8E9","N1H8E9","Guelph","ON","549900","3","2","1718","320.08","","","https://zillow.com/homedetails/24-Marilyn-Dr-N-401-Guelph-ON-N1H-8E9/2053090816_zpid/","43.563683","-80.27152","CONDO","","","https://photos.zillowstatic.com/fp/db8ac963fa135c90c30f67b7f07f103c-p_e.jpg"
"2 Worton Ave #10, Guelph, ON N1H 7C5","N1H7C5","Guelph","ON","679900","3","1","","","","","https://zillow.com/homedetails/2-Worton-Ave-10-Guelph-ON-N1H-7C5/2061974578_zpid/","43.513695","-80.27755","TOWNHOUSE","","","https://photos.zillowstatic.com/fp/0e2270b66292a5d522e8639bd5b6e7f6-p_e.jpg"
"44 Hall Ave, Guelph, ON N1L 0B3","N1L0B3","Guelph","ON","1389900","4","4","","","4593.2355","sqft","https://zillow.com/homedetails/44-Hall-Ave-Guelph-ON-N1L-0B3/447762821_zpid/","43.511425","-80.182045","SINGLE_FAMILY","","","https://photos.zillowstatic.com/fp/9b73499208d83386acd263c0970cb7e6-p_e.jpg"
"539 Willow Rd #31, Guelph, ON N1H 7G3","N1H7G3","Guelph","ON","549900","3","2","","","","","https://zillow.com/homedetails/539-Willow-Rd-31-Guelph-ON-N1H-7G3/447227853_zpid/","43.533943","-80.28901","TOWNHOUSE","","","https://photos.zillowstatic.com/fp/e168f0a205c28c55298efec9e556121b-p_e.jpg"
"53 Arthur St N #713, Guelph, ON N1E 4T8","N1E4T8","Guelph","ON","694900","2","2","","","","","https://zillow.com/homedetails/53-Arthur-St-N-713-Guelph-ON-N1E-4T8/448623787_zpid/","43.549023","-80.24533","APARTMENT","","","https://photos.zillowstatic.com/fp/21fce7d4ac5117a731e73b4336c8d840-p_e.jpg"
"1280 Gordon St #405, Guelph, ON N1L 0N6","N1L0N6","Guelph","ON","495000","3","1","","","","","https://zillow.com/homedetails/1280-Gordon-St-405-Guelph-ON-N1L-0N6/447543107_zpid/","43.51534","-80.20134","APARTMENT","","","https://photos.zillowstatic.com/fp/f53c1bcbda3c8a02e091d0c0ccf3af73-p_e.jpg"
"173 Clair Rd W, Guelph, ON N1L 0A7","N1L0A7","Guelph","ON","1089900","3","4","1880","579.73","5904.129","sqft","https://zillow.com/homedetails/173-Clair-Rd-W-Guelph-ON-N1L-0A7/345014582_zpid/","43.494877","-80.196846","SINGLE_FAMILY","","","https://photos.zillowstatic.com/fp/3037d285d4528d1f867a308c5a5ae29a-p_e.jpg"
"675 Victoria Rd N #23, Guelph, ON N1E 5J2","N1E5J2","Guelph","ON","949000","5","4","2405","394.59","1579.7136","sqft","https://zillow.com/homedetails/675-Victoria-Rd-N-23-Guelph-ON-N1E-5J2/448019069_zpid/","43.58219","-80.26621","TOWNHOUSE","","","https://photos.zillowstatic.com/fp/3f16553b1a570a2b06c4c3643ae05cca-p_e.jpg"
"195 Janefield Ave, Guelph, ON N1G 2L5","N1G2L5","Guelph","ON","1950000","6","3","","","0.7981413223140496","acres","https://zillow.com/homedetails/195-Janefield-Ave-Guelph-ON-N1G-2L5/2059555796_zpid/","43.51646","-80.24459","MULTI_FAMILY","","","https://photos.zillowstatic.com/fp/2e1607203a38c8b76d65481dd0c3f02e-p_e.jpg"
"63 Conroy Cres #54, Guelph, ON N1G 2V5","N1G2V5","Guelph","ON","430000","1","1","757","568.03","","","https://zillow.com/homedetails/63-Conroy-Cres-54-Guelph-ON-N1G-2V5/2066670844_zpid/","43.509987","-80.25335","CONDO","","","https://photos.zillowstatic.com/fp/5a3032250d8087eef98e0c81181b512e-p_e.jpg"
"17 Camm Cres, Guelph, ON N1L 1J9","N1L1J9","Guelph","ON","998000","3","3","","","3444.7219","sqft","https://zillow.com/homedetails/17-Camm-Cres-Guelph-ON-N1L-1J9/2064596607_zpid/","43.511738","-80.190186","SINGLE_FAMILY","","","https://photos.zillowstatic.com/fp/2f0cb1f409a7645858ccde828dd3c56b-p_e.jpg"
"10 Kortright Rd E, Guelph, ON N1G 4C9","N1G4C9","Guelph","ON","1129900","6","4","2125","531.72","","","https://zillow.com/homedetails/10-Kortright-Rd-E-Guelph-ON-N1G-4C9/443800393_zpid/","43.52291","-80.21212","SINGLE_FAMILY","","","https://photos.zillowstatic.com/fp/a7e33278d7c078da52374a1371dda25b-p_e.jpg"
"6 Stirling Pl, Guelph, ON N1H 6W2","N1H6W2","Guelph","ON","849900","3","2","1112","764.3","8528","sqft","https://zillow.com/homedetails/6-Stirling-Pl-Guelph-ON-N1H-6W2/2062484925_zpid/","43.557205","-80.28012","SINGLE_FAMILY","","","https://photos.zillowstatic.com/fp/0132d62f3b606d280d2a5151b314b20b-p_e.jpg"
"107 Bagot St #108, Guelph, ON N1H 8H5","N1H8H5","Guelph","ON","425000","2","1","915","464.48","","","https://zillow.com/homedetails/107-Bagot-St-108-Guelph-ON-N1H-8H5/2067618556_zpid/","43.54343","-80.26835","CONDO","","","https://photos.zillowstatic.com/fp/06856bc1e1881cb6fe37686acd763f75-p_e.jpg"
"26 Elsegood Dr, Guelph, ON N1L 0R5","N1L0R5","Guelph","ON","875000","3","3","","","2179.69","sqft","https://zillow.com/homedetails/26-Elsegood-Dr-Guelph-ON-N1L-0R5/442367356_zpid/","43.52361","-80.1965","SINGLE_FAMILY","","","https://photos.zillowstatic.com/fp/96ee279d0a8f37fd4fdab5e47c5daa2b-p_e.jpg"
"539 Willow Rd #64, Guelph, ON N1H 7G3","N1H7G3","Guelph","ON","629000","3","2","","","","","https://zillow.com/homedetails/539-Willow-Rd-64-Guelph-ON-N1H-7G3/2064674102_zpid/","43.53394","-80.28901","TOWNHOUSE","","","https://photos.zillowstatic.com/fp/a7a9125aced82fb5e29fd6eff185f19f-p_e.jpg"
"6 Lambert Cres, Guelph, ON N1G 2R5","N1G2R5","Guelph","ON","859000","5","2","","","5290.6032","sqft","https://zillow.com/homedetails/6-Lambert-Cres-Guelph-ON-N1G-2R5/448058284_zpid/","43.513783","-80.24841","SINGLE_FAMILY","","","https://photos.zillowstatic.com/fp/21f7c11b1ac7ab819591af4cf96a7661-p_e.jpg"
"7 Kay Cres #309, Guelph, ON N1L 0P9","N1L0P9","Guelph","ON","519900","2","2","972","534.88","","","https://zillow.com/homedetails/7-Kay-Cres-309-Guelph-ON-N1L-0P9/447543124_zpid/","43.5048","-80.181435","CONDO","","","https://photos.zillowstatic.com/fp/b96128cd6ca9f01c6e4d474e2d9f6a41-p_e.jpg"
"135 Division St, Guelph, ON N1H 1R7","N1H1R7","Guelph","ON","799900","3","2","","","3733.25","sqft","https://zillow.com/homedetails/135-Division-St-Guelph-ON-N1H-1R7/446240317_zpid/","43.550533","-80.26931","SINGLE_FAMILY","","","https://photos.zillowstatic.com/fp/38ae57e1daa5a28ddf7c29d3b7b6cc04-p_e.jpg"
"39 Ptarmigan Dr #30, Guelph, ON N1C 1E8","N1C1E8","Guelph","ON","729900","3","3","","","","","https://zillow.com/homedetails/39-Ptarmigan-Dr-30-Guelph-ON-N1C-1E8/447316645_zpid/","43.500347","-80.24199","TOWNHOUSE","","","https://photos.zillowstatic.com/fp/6e345eb72e7cc922378cb8e29bf0ccce-p_e.jpg"
"12 McCurdy Rd, Guelph, ON N1G 4Y6","N1G4Y6","Guelph","ON","1150000","5","3","1867","615.96","3565","sqft","https://zillow.com/homedetails/12-McCurdy-Rd-Guelph-ON-N1G-4Y6/447523595_zpid/","43.512188","-80.211334","SINGLE_FAMILY","","","https://photos.zillowstatic.com/fp/199a77522076c437941ae206ee6be3d8-p_e.jpg"
"15 Camm Cres, Guelph, ON N1L 1J9","N1L1J9","Guelph","ON","849900","3","2","","","3444.7219","sqft","https://zillow.com/homedetails/15-Camm-Cres-Guelph-ON-N1L-1J9/448639466_zpid/","43.511658","-80.190125","SINGLE_FAMILY","","","https://photos.zillowstatic.com/fp/5759c859e0c649a34c8d209f9f027991-p_e.jpg"
"4 Clairfields Dr W, Guelph, ON N1G 5H5","N1G5H5","Guelph","ON","1499888","8","5","","","","","https://zillow.com/homedetails/4-Clairfields-Dr-W-Guelph-ON-N1G-5H5/2061251486_zpid/","43.504192","-80.19464","SINGLE_FAMILY","","","https://photos.zillowstatic.com/fp/39f56293e3e8d9d9304f2e62e57c5510-p_e.jpg"
"73 Arthur St S #512, Guelph, ON N1E 4T9","N1E4T9","Guelph","ON","519000","2","1","723","717.84","","","https://zillow.com/homedetails/73-Arthur-St-S-512-Guelph-ON-N1E-4T9/446023413_zpid/","43.545776","-80.24159","CONDO","","","https://photos.zillowstatic.com/fp/7a46ab30b2ea2da8919e86f04a26b5dd-p_e.jpg"
"120 Huron St #419, Guelph, ON N1E 0T8","N1E0T8","Guelph","ON","633333","2","2","837","756.67","","","https://zillow.com/homedetails/120-Huron-St-419-Guelph-ON-N1E-0T8/447767500_zpid/","43.547626","-80.23568","CONDO","","","https://photos.zillowstatic.com/fp/80565e0892891e4845cffe4950c0a0e8-p_e.jpg"
"26 Lowes Rd W #204, Guelph, ON N1G 0H4","N1G0H4","Guelph","ON","570000","2","2","893","638.3","","","https://zillow.com/homedetails/26-Lowes-Rd-W-204-Guelph-ON-N1G-0H4/447602948_zpid/","43.507996","-80.196","CONDO","","","https://photos.zillowstatic.com/fp/2550554f58f894f3d59ea491b4c08be9-p_e.jpg"
"1880 Gordon St #1003, Guelph, ON N1L 0P5","N1L0P5","Guelph","ON","799999","2","2","1174","681.43","","","https://zillow.com/homedetails/1880-Gordon-St-1003-Guelph-ON-N1L-0P5/2060683315_zpid/","43.49877","-80.18506","CONDO","","","https://photos.zillowstatic.com/fp/650edfe31a2a2d37c67a4d1b63cc216c-p_e.jpg"
"7 Hill Trl, Guelph, ON N1E 7C8","N1E7C8","Guelph","ON","989900","3","4","","","3648.636","sqft","https://zillow.com/homedetails/7-Hill-Trl-Guelph-ON-N1E-7C8/448961573_zpid/","43.571747","-80.22169","SINGLE_FAMILY","","","https://photos.zillowstatic.com/fp/c868becad67f50faf0758e5ebc50407c-p_e.jpg"
"40 Chillico Dr, Guelph, ON N1K 1Y8","N1K1Y8","Guelph","ON","897000","4","3","","","2765.65","sqft","https://zillow.com/homedetails/40-Chillico-Dr-Guelph-ON-N1K-1Y8/448795305_zpid/","43.528233","-80.303795","SINGLE_FAMILY","","","https://photos.zillowstatic.com/fp/aa4a3458be3d52d8111e8322a0aac475-p_e.jpg"
"2 Chartwell Cres, Guelph, ON N1G 2T7","N1G2T7","Guelph","ON","899000","6","2","","","6800","sqft","https://zillow.com/homedetails/2-Chartwell-Cres-Guelph-ON-N1G-2T7/448971133_zpid/","43.51543","-80.25298","SINGLE_FAMILY","","","https://photos.zillowstatic.com/fp/10467997a5e5aadbd277ff83041c68f1-p_e.jpg"
"62 Queen St, Guelph, ON N1E 4R8","N1E4R8","Guelph","ON","999999","4","2","","","9600","sqft","https://zillow.com/homedetails/62-Queen-St-Guelph-ON-N1E-4R8/2069730491_zpid/","43.55071","-80.24791","SINGLE_FAMILY","","","https://photos.zillowstatic.com/fp/08c836b8c70ea9eb3a1dae4ee38ee1c2-p_e.jpg"
"184 Grove St, Guelph, ON N1E 2W7","N1E2W7","Guelph","ON","999000","4","2","","","9452.17","sqft","https://zillow.com/homedetails/184-Grove-St-Guelph-ON-N1E-2W7/446996464_zpid/","43.55304","-80.23845","SINGLE_FAMILY","","","https://photos.zillowstatic.com/fp/b5a1f273a15329a7facfbd10a28522b7-p_e.jpg"
"83 Oakes Cres, Guelph, ON N1E 0J5","N1E0J5","Guelph","ON","880000","3","3","","","2605.8228","sqft","https://zillow.com/homedetails/83-Oakes-Cres-Guelph-ON-N1E-0J5/2066635473_zpid/","43.56198","-80.22165","SINGLE_FAMILY","","","https://photos.zillowstatic.com/fp/e1cae9a4daba41e65a46fc2d71a13a40-p_e.jpg"
"198 Law Dr #25, Guelph, ON N1E 0P6","N1E0P6","Guelph","ON","649000","2","3","","","","","https://zillow.com/homedetails/198-Law-Dr-25-Guelph-ON-N1E-0P6/2063214104_zpid/","43.568413","-80.21231","TOWNHOUSE","","","https://photos.zillowstatic.com/fp/ec34c80d7d0cb5176d61972b8035bb66-p_e.jpg"
"82 White Pine Way, Guelph, ON N1G 4X7","N1G4X7","Guelph","ON","1099900","3","3","","","","","https://zillow.com/homedetails/82-White-Pine-Way-Guelph-ON-N1G-4X7/443042609_zpid/","43.530056","-80.21167","CONDO","","","https://photos.zillowstatic.com/fp/0cbfe55e1502419ff6cddb54bb0f7a10-p_e.jpg"
"4 Elsegood Dr E, Guelph, ON N1L 0R5","N1L0R5","Guelph","ON","870000","3","3","","","2185","sqft","https://zillow.com/homedetails/4-Elsegood-Dr-E-Guelph-ON-N1L-0R5/448694501_zpid/","43.52384","-80.196","SINGLE_FAMILY","","","https://photos.zillowstatic.com/fp/853010bcfac6c478117fd167e7033ab1-p_e.jpg"
"16 Stevenson St N, Guelph, ON N1E 5A4","N1E5A4","Guelph","ON","799900","4","2","","","4014.36","sqft","https://zillow.com/homedetails/16-Stevenson-St-N-Guelph-ON-N1E-5A4/448641094_zpid/","43.55402","-80.23628","SINGLE_FAMILY","","","https://photos.zillowstatic.com/fp/4f8361e190fc62c12a811b4624ade714-p_e.jpg"
"42 Hasler Cres, Guelph, ON N1L 0A2","N1L0A2","Guelph","ON","799900","3","3","","","2140","sqft","https://zillow.com/homedetails/42-Hasler-Cres-Guelph-ON-N1L-0A2/447752286_zpid/","43.520336","-80.18984","SINGLE_FAMILY","","","https://photos.zillowstatic.com/fp/4be892b7d6da5f3ca0e8ed3d89bf049f-p_e.jpg"
"1284 Gordon St #303, Guelph, ON N1L 0M8","N1L0M8","Guelph","ON","479000","2","1","","","","","https://zillow.com/homedetails/1284-Gordon-St-303-Guelph-ON-N1L-0M8/2061788527_zpid/","43.516354","-80.201195","APARTMENT","","","https://photos.zillowstatic.com/fp/4dae06dcb02bc00460d4adb229328af5-p_e.jpg"
"23 Harrington Rd, Guelph, ON N1E 0S1","N1E0S1","Guelph","ON","1429900","4","3","2980","479.83","1733","sqft","https://zillow.com/homedetails/23-Harrington-Rd-Guelph-ON-N1E-0S1/448349472_zpid/","43.564434","-80.21653","SINGLE_FAMILY","","","https://photos.zillowstatic.com/fp/fc6707d15b61e1b09fe3a20e868784da-p_e.jpg"
"700 Paisley Rd #7, Guelph, ON N1K 1A3","N1K1A3","Guelph","ON","565000","4","2","","","","","https://zillow.com/homedetails/700-Paisley-Rd-7-Guelph-ON-N1K-1A3/449348148_zpid/","43.53062","-80.27413","TOWNHOUSE","","","https://photos.zillowstatic.com/fp/0fa4d3ede049e0e271da2ac17ef215e8-p_e.jpg"
"19 Burton Rd, Guelph, ON N1H 8A6","N1H8A6","Guelph","ON","939900","5","2","","","5408.67","sqft","https://zillow.com/homedetails/19-Burton-Rd-Guelph-ON-N1H-8A6/448123661_zpid/","43.532173","-80.29518","SINGLE_FAMILY","","","https://photos.zillowstatic.com/fp/4b33e3e2a41c9445406cda0dac9c3c6d-p_e.jpg"
"1880 Gordon St #1302, Guelph, ON N1L 0P5","N1L0P5","Guelph","ON","1295000","3","2","","","","","https://zillow.com/homedetails/1880-Gordon-St-1302-Guelph-ON-N1L-0P5/444453720_zpid/","43.498867","-80.18424","APARTMENT","","","https://photos.zillowstatic.com/fp/67244ae257f9ca723a4e4888d665e676-p_e.jpg"
"38 Hickory St, Guelph, ON N1G 2X3","N1G2X3","Guelph","ON","999999","3","2","","","10010","sqft","https://zillow.com/homedetails/38-Hickory-St-Guelph-ON-N1G-2X3/449583969_zpid/","43.521885","-80.22239","SINGLE_FAMILY","","","https://photos.zillowstatic.com/fp/0458b3efab2eccd7294e612b6e5e9ee6-p_e.jpg"
"626 Woodlawn Rd E #B, Guelph, ON N1E 0K4","N1E0K4","Guelph","ON","549900","2","2","","","","","https://zillow.com/homedetails/626-Woodlawn-Rd-E-B-Guelph-ON-N1E-0K4/445751037_zpid/","43.581654","-80.25471","TOWNHOUSE","","","https://photos.zillowstatic.com/fp/5ffcdcd97ec8ee1ef7f8b5e27e015d71-p_e.jpg"
"162 Dawn Ave, Guelph, ON N1G 4X2","N1G4X2","Guelph","ON","2499900","4","4","","","7397.76","sqft","https://zillow.com/homedetails/162-Dawn-Ave-Guelph-ON-N1G-4X2/402616126_zpid/","43.507652","-80.20005","SINGLE_FAMILY","","","https://photos.zillowstatic.com/fp/251c8a7489d4619a86e5b5369e5ebe80-p_e.jpg"
"19 Sinclair St, Guelph, ON N1L 1S1","N1L1S1","Guelph","ON","974900","3","3","","","3267.5886","sqft","https://zillow.com/homedetails/19-Sinclair-St-Guelph-ON-N1L-1S1/2054861978_zpid/","43.505836","-80.185455","SINGLE_FAMILY","","","https://photos.zillowstatic.com/fp/28151c5fbcaf1d6d8534e086b0af6761-p_e.jpg"
"107 Bagot St #105, Guelph, ON N1H 8H5","N1H8H5","Guelph","ON","399900","1","1","","","","","https://zillow.com/homedetails/107-Bagot-St-105-Guelph-ON-N1H-8H5/2064653646_zpid/","43.54341","-80.268524","APARTMENT","","","https://photos.zillowstatic.com/fp/98255106ea69951070c302142f162812-p_e.jpg"
"1429 Gordon St, Guelph, ON N1L 0B8","N1L0B8","Guelph","ON","709000","4","3","","","","","https://zillow.com/homedetails/1429-Gordon-St-Guelph-ON-N1L-0B8/2064714119_zpid/","43.511463","-80.19717","TOWNHOUSE","","","https://photos.zillowstatic.com/fp/210a0bcd1e474656acdbb1ddee6872a6-p_e.jpg"
"25 Manor Park Cres #7, Guelph, ON N1G 1A2","N1G1A2","Guelph","ON","1349900","3","4","","","","","https://zillow.com/homedetails/25-Manor-Park-Cres-7-Guelph-ON-N1G-1A2/348611475_zpid/","43.531433","-80.2537","CONDO","","","https://photos.zillowstatic.com/fp/772b05589456ed6f112eb51924b52d5d-p_e.jpg"
"19 Gosling Gdns, Guelph, ON N1G 5H5","N1G5H5","Guelph","ON","940000","7","4","","","3184.6732","sqft","https://zillow.com/homedetails/19-Gosling-Gdns-Guelph-ON-N1G-5H5/2069304987_zpid/","43.50278","-80.19553","SINGLE_FAMILY","","","https://photos.zillowstatic.com/fp/5e8ab2f266620f4a4d5ba06082c569d9-p_e.jpg"
"44 Dominion Dr, Guelph, ON N1L 0B4","N1L0B4","Guelph","ON","1209888","4","3","","","5091.0154","sqft","https://zillow.com/homedetails/44-Dominion-Dr-Guelph-ON-N1L-0B4/2064201967_zpid/","43.512238","-80.18155","SINGLE_FAMILY","","","https://photos.zillowstatic.com/fp/e136f2fb22b840d3f2ff8f930e1fdf27-p_e.jpg"
"26 Brazolot Dr, Guelph, ON N1G 4K8","N1G4K8","Guelph","ON","1085000","3","2","1053","1030.39","","","https://zillow.com/homedetails/26-Brazolot-Dr-Guelph-ON-N1G-4K8/448995069_zpid/","43.516926","-80.225716","SINGLE_FAMILY","","","https://photos.zillowstatic.com/fp/8aa60ac38c67479d6e5403dc7d77f9ee-p_e.jpg"
"486 College Ave W, Guelph, ON N1G 1T5","N1G1T5","Guelph","ON","1499000","6","3","","","0.3563255280073462","acres","https://zillow.com/homedetails/486-College-Ave-W-Guelph-ON-N1G-1T5/2064703675_zpid/","43.516415","-80.25334","SINGLE_FAMILY","","","https://photos.zillowstatic.com/fp/a198248b04327ade9e74412ad29fe5bb-p_e.jpg"
"9 McCann St, Guelph, ON N1G 0A8","N1G0A8","Guelph","ON","949999","3","4","1522","624.18","","","https://zillow.com/homedetails/9-McCann-St-Guelph-ON-N1G-0A8/2072661184_zpid/","43.529556","-80.20081","SINGLE_FAMILY","","","https://photos.zillowstatic.com/fp/a63dec1019a6ad476033cce6ea3b6d45-p_e.jpg"
"164 Dawn Ave, Guelph, ON N1G 4X2","N1G4X2","Guelph","ON","749900","4","4","","","7397.76","sqft","https://zillow.com/homedetails/164-Dawn-Ave-Guelph-ON-N1G-4X2/440579461_zpid/","43.506317","-80.19693","LOT","","","https://photos.zillowstatic.com/fp/e6676cf801fc71136a998ebd43b77165-p_e.jpg"
"74 Hall Ave, Guelph, ON N1L 0B2","N1L0B2","Guelph","ON","1399000","6","4","","","4024.8858","sqft","https://zillow.com/homedetails/74-Hall-Ave-Guelph-ON-N1L-0B2/443111655_zpid/","43.511223","-80.18003","SINGLE_FAMILY","","","https://photos.zillowstatic.com/fp/da7eaf637ad3c9e051e44e363b5d1aed-p_e.jpg"
"64 Norton Dr, Guelph, ON N1E 7K8","N1E7K8","Guelph","ON","1199900","3","4","2150","558.09","6036.0984","sqft","https://zillow.com/homedetails/64-Norton-Dr-Guelph-ON-N1E-7K8/2067105208_zpid/","43.576523","-80.215935","SINGLE_FAMILY","","","https://photos.zillowstatic.com/fp/a007689f3577e3787ecefbae4a4f377d-p_e.jpg"
"6 Westra Dr, Guelph, ON N1K 1Z7","N1K1Z7","Guelph","ON","1399900","5","4","","","7545.49","sqft","https://zillow.com/homedetails/6-Westra-Dr-Guelph-ON-N1K-1Z7/441626455_zpid/","43.52366","-80.30124","SINGLE_FAMILY","","","https://photos.zillowstatic.com/fp/cfe7caa3cbcdf03f61e76493749c9c6f-p_e.jpg"
"312 Colonial Dr, Guelph, ON N1L 0C8","N1L0C8","Guelph","ON","1249888","5","4","","","","","https://zillow.com/homedetails/312-Colonial-Dr-Guelph-ON-N1L-0C8/380440209_zpid/","43.51551","-80.17693","SINGLE_FAMILY","","","https://photos.zillowstatic.com/fp/67bc6506d67bf9f0a716a08c0eff3950-p_e.jpg"
"254 Gosling Gdns #21, Guelph, ON N1L 1G7","N1L1G7","Guelph","ON","1299900","3","4","","","","","https://zillow.com/homedetails/254-Gosling-Gdns-21-Guelph-ON-N1L-1G7/2065661978_zpid/","43.497566","-80.1881","TOWNHOUSE","","","https://photos.zillowstatic.com/fp/afbb8ea0d9187b948c5c747a1b7df313-p_e.jpg"
"10 Lynwood Ave, Guelph, ON N1G 1P8","N1G1P8","Guelph","ON","679000","","","","","469","sqft","https://zillow.com/homedetails/10-Lynwood-Ave-Guelph-ON-N1G-1P8/449319035_zpid/","43.52599","-80.24308","LOT","","","https://photos.zillowstatic.com/fp/f202ffc9dc7732ed1e0df4ab32f7e1ce-p_e.jpg"
"41 Arbordale Walk, Guelph, ON N1G 4X7","N1G4X7","Guelph","ON","1049900","2","3","","","","","https://zillow.com/homedetails/41-Arbordale-Walk-Guelph-ON-N1G-4X7/446113504_zpid/","43.529255","-80.21622","CONDO","","","https://photos.zillowstatic.com/fp/fb48e83f1fe029475278c01cf47dc880-p_e.jpg"
"25 Kay Cres #303, Guelph, ON N1L 0P2","N1L0P2","Guelph","ON","519900","2","2","876","593.49","","","https://zillow.com/homedetails/25-Kay-Cres-303-Guelph-ON-N1L-0P2/2071842756_zpid/","43.5039","-80.18285","CONDO","","","https://photos.zillowstatic.com/fp/9317657d7a370a1cbb180b756f718447-p_e.jpg"
"92 Chillico Dr, Guelph, ON N1K 1Y6","N1K1Y6","Guelph","ON","1249900","4","4","2318","539.21","","","https://zillow.com/homedetails/92-Chillico-Dr-Guelph-ON-N1K-1Y6/448210090_zpid/","43.528576","-80.30676","SINGLE_FAMILY","","","https://photos.zillowstatic.com/fp/e309eb42ce6119259be100621dfafcb6-p_e.jpg"
"88 Glenburnie Dr, Guelph, ON N1E 4C6","N1E4C6","Guelph","ON","739900","4","2","","","7168.76","sqft","https://zillow.com/homedetails/88-Glenburnie-Dr-Guelph-ON-N1E-4C6/447300535_zpid/","43.56989","-80.24617","SINGLE_FAMILY","","","https://photos.zillowstatic.com/fp/d23660b7cefbbe3957f25f2ec386266e-p_e.jpg"
"143 Janefield Ave #9, Guelph, ON N1G 2L4","N1G2L4","Guelph","ON","799999","5","3","","","","","https://zillow.com/homedetails/143-Janefield-Ave-9-Guelph-ON-N1G-2L4/447696312_zpid/","43.517376","-80.2464","TOWNHOUSE","","","https://photos.zillowstatic.com/fp/d3884b8abc1a8736540e644be9835f01-p_e.jpg"
"84 Porter Ct, Guelph, ON N1L 1L8","N1L1L8","Guelph","ON","1050000","4","3","","","5584.24","sqft","https://zillow.com/homedetails/84-Porter-Ct-Guelph-ON-N1L-1L8/2074328903_zpid/","43.507275","-80.1909","SINGLE_FAMILY","","","https://photos.zillowstatic.com/fp/5b7fbd9e1d76f6a0bf9c0b389254c441-p_e.jpg"
"22 Hutchison Rd, Guelph, ON N1L 0R5","N1L0R5","Guelph","ON","1169900","4","3","2187","534.93","2940","sqft","https://zillow.com/homedetails/22-Hutchison-Rd-Guelph-ON-N1L-0R5/447768331_zpid/","43.523888","-80.19648","SINGLE_FAMILY","","","https://photos.zillowstatic.com/fp/913c8e21aa50d22859e6a2f333b69136-p_e.jpg"
"344 Maltby Rd E, Puslinch, ON N0B 2J0","N0B2J0","Puslinch","ON","5988888","4","3","2070","2893.18","","","https://zillow.com/homedetails/344-Maltby-Rd-E-Puslinch-ON-N0B-2J0/448741885_zpid/","43.49759","-80.16115","SINGLE_FAMILY","","","https://photos.zillowstatic.com/fp/82885b32b735d966cbddb2cd0858ffe4-p_e.jpg"
"1291 Gordon St #608, Guelph, ON N1L 0M5","N1L0M5","Guelph","ON","565000","3","3","","","","","https://zillow.com/homedetails/1291-Gordon-St-608-Guelph-ON-N1L-0M5/2064656679_zpid/","43.513927","-80.20077","APARTMENT","","","https://photos.zillowstatic.com/fp/b3d5b5c9680e2f5243291ea7a13e44ce-p_e.jpg"
"142 York Rd #15, Guelph, ON N1E 3E9","N1E3E9","Guelph","ON","619900","4","2","1140","543.77","","","https://zillow.com/homedetails/142-York-Rd-15-Guelph-ON-N1E-3E9/2069970029_zpid/","43.543396","-80.23582","TOWNHOUSE","","","https://photos.zillowstatic.com/fp/182c383ecbae3557931e3bffa6520133-p_e.jpg"
"308 Watson Pkwy N #118, Guelph, ON N1E 0G7","N1E0G7","Guelph","ON","394900","1","1","510","774.31","","","https://zillow.com/homedetails/308-Watson-Pkwy-N-118-Guelph-ON-N1E-0G7/343565083_zpid/","43.573345","-80.21765","CONDO","","","https://photos.zillowstatic.com/fp/a7281d6a90cd94cc94dd2abbe38581ff-p_e.jpg"
"9 Hutchison Rd, Guelph, ON N1L 0R5","N1L0R5","Guelph","ON","1444900","4","3","2695","536.14","2940","sqft","https://zillow.com/homedetails/9-Hutchison-Rd-Guelph-ON-N1L-0R5/445999156_zpid/","43.523388","-80.196976","SINGLE_FAMILY","","","https://photos.zillowstatic.com/fp/6d339255ebea8317eb25179e913c7da5-p_e.jpg"
"180 Marksam Rd #49, Guelph, ON N1H 8G4","N1H8G4","Guelph","ON","534900","3","3","1145","467.16","","","https://zillow.com/homedetails/180-Marksam-Rd-49-Guelph-ON-N1H-8G4/2063142254_zpid/","43.53765","-80.291855","TOWNHOUSE","","","https://photos.zillowstatic.com/fp/a0c3d0fb9e95f55ba112044f17b0f201-p_e.jpg"
"210 Carrington Dr, Guelph, ON N1G 0G9","N1G0G9","Guelph","ON","1869525","4","3","","","4725","sqft","https://zillow.com/homedetails/210-Carrington-Dr-Guelph-ON-N1G-0G9/448641786_zpid/","43.51559","-80.21104","SINGLE_FAMILY","","","https://photos.zillowstatic.com/fp/6bf3a1067dd9ec514c627287288da43c-p_e.jpg"
"LOT 24 Grange Rd, Guelph, ON N1E 6L4","N1E6L4","Guelph","ON","1124900","3","2","","","3060.834","sqft","https://zillow.com/homedetails/LOT-24-Grange-Rd-Guelph-ON-N1E-6L4/443165061_zpid/","43.558548","-80.232574","SINGLE_FAMILY","","","https://photos.zillowstatic.com/fp/b1c892e10d72a8713c32e94f08df39f1-p_e.jpg"
"102 Emma St, Guelph, ON N1E 1T8","N1E1T8","Guelph","ON","1295000","","","","","0.44974747474747473","acres","https://zillow.com/homedetails/102-Emma-St-Guelph-ON-N1E-1T8/2052862223_zpid/","43.561676","-80.25819","LOT","","","https://photos.zillowstatic.com/fp/9d5eccfecdba19a057a8eeb83960abe1-p_e.jpg"
"265 Edinburgh Rd N, Guelph, ON N1H 1E2","N1H1E2","Guelph","ON","15580000","","","","","","","https://zillow.com/homedetails/265-Edinburgh-Rd-N-Guelph-ON-N1H-1E2/446874007_zpid/","43.545753","-80.26853","LOT","","","https://photos.zillowstatic.com/fp/834a5bfdfc7747ba62728bd02b18932e-p_e.jpg"
"53 Paul Ave, Guelph, ON N1E 1S3","N1E1S3","Guelph","ON","1299900","","","","","0.40665710055096416","acres","https://zillow.com/homedetails/53-Paul-Ave-Guelph-ON-N1E-1S3/2053022780_zpid/","43.562164","-80.258064","LOT","","","https://photos.zillowstatic.com/fp/a34f0d4658b637fd74dad4b7f538a01a-p_e.jpg"
"755 Stone Rd E, Guelph, ON N1L 1B8","N1L1B8","Guelph","ON","1099000","","","","","10592","sqft","https://zillow.com/homedetails/755-Stone-Rd-E-Guelph-ON-N1L-1B8/2060894465_zpid/","43.548126","-80.19304","LOT","","","https://photos.zillowstatic.com/fp/0f2af13caf172af5fa867a4408a0d7bc-p_e.jpg"
"701 Eramosa Rd, Guelph, ON N1E 5Z1","N1E5Z1","Guelph","ON","3750000","","","","","3.801","acres","https://zillow.com/homedetails/701-Eramosa-Rd-Guelph-ON-N1E-5Z1/402623947_zpid/","43.57603","-80.24659","LOT","","","https://photos.zillowstatic.com/fp/22d5a49790283dc462b254e2789117c7-p_e.jpg"
"739 Stone Rd E, Guelph, ON N1L 1B8","N1L1B8","Guelph","ON","0","","","","","12.69","acres","https://zillow.com/homedetails/739-Stone-Rd-E-Guelph-ON-N1L-1B8/2060984215_zpid/","43.547462","-80.19414","LOT","","","https://photos.zillowstatic.com/fp/40fe141cf9b51a43b86203ee5391ff85-p_e.jpg"